"ID","Study_ID","Plot_ID","Lat","Long","Years","N_years","Crops","N_crops"
"BACCHUS_OPERA@01B15","BACCHUS_OPERA","01B15",44.6620527,-0.1267813,"2018; 2019; 2020; 2021; 2022; 2023; 2024",7,"Vitis vinifera",1
"BACCHUS_OPERA@01C15","BACCHUS_OPERA","01C15",44.6637395,-0.1267108,"2018; 2019; 2020; 2021; 2022; 2023; 2024",7,"Vitis vinifera",1
"BACCHUS_OPERA@02B15","BACCHUS_OPERA","02B15",44.6514487,-0.132491,"2020; 2021; 2022",3,"Vitis vinifera",1
"BACCHUS_OPERA@02B18","BACCHUS_OPERA","02B18",44.6514487,-0.132491,"2018; 2019; 2023",3,"Vitis vinifera",1
"BACCHUS_OPERA@02B24","BACCHUS_OPERA","02B24",44.6450684,-0.1341304,"2024",1,"Vitis vinifera",1
"BACCHUS_OPERA@02C15","BACCHUS_OPERA","02C15",44.651139,-0.1310223,"2018; 2019; 2020; 2021; 2022; 2023",6,"Vitis vinifera",1
"BACCHUS_OPERA@02C24","BACCHUS_OPERA","02C24",44.6434373,-0.1293702,"2024",1,"Vitis vinifera",1
"BACCHUS_OPERA@03B15","BACCHUS_OPERA","03B15",44.6449743,-0.1551762,"2018; 2019; 2020; 2021; 2022; 2023; 2024",7,"Vitis vinifera",1
"BACCHUS_OPERA@03C18","BACCHUS_OPERA","03C18",44.6435814,-0.1597803,"2018; 2019; 2020; 2021; 2022; 2023; 2024",7,"Vitis vinifera",1
"BACCHUS_OPERA@04B15","BACCHUS_OPERA","04B15",44.6466038,-0.1384438,"2018; 2019; 2020",3,"Vitis vinifera",1
"BACCHUS_OPERA@04C18","BACCHUS_OPERA","04C18",44.6460866,-0.1373043,"2018; 2019",2,"Vitis vinifera",1
"BACCHUS_OPERA@04C20","BACCHUS_OPERA","04C20",44.6458985,-0.1359939,"2020",1,"Vitis vinifera",1
"BACCHUS_OPERA@05B18","BACCHUS_OPERA","05B18",44.6600986,-0.1435888,"2018; 2019; 2020; 2021; 2022; 2023; 2024",7,"Vitis vinifera",1
"BACCHUS_OPERA@05C18","BACCHUS_OPERA","05C18",44.6595252,-0.1456902,"2018; 2019; 2020; 2021; 2022; 2023; 2024",7,"Vitis vinifera",1
"BACCHUS_OPERA@05D20","BACCHUS_OPERA","05D20",44.6611314,-0.1418033,"2020; 2021; 2022; 2023; 2024",5,"Vitis vinifera",1
"BACCHUS_OPERA@06B18","BACCHUS_OPERA","06B18",44.7444028,-0.2043474,"2018; 2019; 2020; 2021; 2022; 2023; 2024",7,"Vitis vinifera",1
"BACCHUS_OPERA@06C18","BACCHUS_OPERA","06C18",44.7446926,-0.2049202,"2018; 2019; 2020; 2021; 2022; 2023; 2024",7,"Vitis vinifera",1
"BACCHUS_OPERA@07B15","BACCHUS_OPERA","07B15",44.8236082,-0.21702,"2018; 2019; 2020; 2021; 2022; 2023; 2024",7,"Vitis vinifera",1
"BACCHUS_OPERA@07C15","BACCHUS_OPERA","07C15",44.8214482,-0.215377,"2018",1,"Vitis vinifera",1
"BACCHUS_OPERA@07C19","BACCHUS_OPERA","07C19",44.823726,-0.2154441,"2019; 2020; 2021; 2022; 2023; 2024",6,"Vitis vinifera",1
"BACCHUS_OPERA@08B15","BACCHUS_OPERA","08B15",44.905247,0.0106495,"2018; 2019; 2020; 2021; 2022; 2023; 2024",7,"Vitis vinifera",1
"BACCHUS_OPERA@08C15","BACCHUS_OPERA","08C15",44.9041592,0.0110752,"2018; 2019; 2020; 2021; 2022; 2023; 2024",7,"Vitis vinifera",1
"BACCHUS_OPERA@09B18","BACCHUS_OPERA","09B18",44.9115617,-0.0080851,"2018; 2019; 2020; 2021",4,"Vitis vinifera",1
"BACCHUS_OPERA@09C18","BACCHUS_OPERA","09C18",44.9144892,-0.0097765,"2018; 2019; 2020; 2021",4,"Vitis vinifera",1
"BACCHUS_OPERA@10B18","BACCHUS_OPERA","10B18",44.925948,-0.0038599,"2018; 2019; 2020; 2021; 2022; 2023; 2024",7,"Vitis vinifera",1
"BACCHUS_OPERA@10C15","BACCHUS_OPERA","10C15",44.9231611,-0.0066275,"2018; 2019; 2020; 2021; 2022; 2023; 2024",7,"Vitis vinifera",1
"BACCHUS_OPERA@11B15","BACCHUS_OPERA","11B15",44.9360944,-0.0121416,"2018; 2019; 2020; 2021; 2022; 2023; 2024",7,"Vitis vinifera",1
"BACCHUS_OPERA@11C15","BACCHUS_OPERA","11C15",44.9359328,-0.013782,"2018; 2019; 2020; 2021; 2022; 2023; 2024",7,"Vitis vinifera",1
"BACCHUS_OPERA@12B15","BACCHUS_OPERA","12B15",44.9450633,-0.0262624,"2018; 2019; 2020; 2021; 2022; 2023; 2024",7,"Vitis vinifera",1
"BACCHUS_OPERA@12C15","BACCHUS_OPERA","12C15",44.9457754,-0.0255904,"2018; 2019; 2020; 2021; 2022; 2023; 2024",7,"Vitis vinifera",1
"BACCHUS_OPERA@13B15","BACCHUS_OPERA","13B15",44.9379841,-0.0400249,"2018; 2019",2,"Vitis vinifera",1
"BACCHUS_OPERA@13B20","BACCHUS_OPERA","13B20",44.942104,-0.0402737,"2020; 2021; 2022; 2023; 2024",5,"Vitis vinifera",1
"BACCHUS_OPERA@13C15","BACCHUS_OPERA","13C15",44.9385914,-0.0389034,"2018; 2019; 2020; 2021; 2022; 2023; 2024",7,"Vitis vinifera",1
"BACCHUS_OPERA@13D20","BACCHUS_OPERA","13D20",44.9418577,-0.03412,"2020; 2021; 2022; 2023; 2024",5,"Vitis vinifera",1
"BACCHUS_OPERA@14B15","BACCHUS_OPERA","14B15",44.8733522,-0.0633616,"2018; 2019; 2020; 2021; 2022",5,"Vitis vinifera",1
"BACCHUS_OPERA@14B23","BACCHUS_OPERA","14B23",44.8722077,-0.0614111,"2023; 2024",2,"Vitis vinifera",1
"BACCHUS_OPERA@14C15","BACCHUS_OPERA","14C15",44.875212,-0.0622466,"2018; 2019; 2020; 2021; 2022; 2023; 2024",7,"Vitis vinifera",1
"BACCHUS_OPERA@15B18","BACCHUS_OPERA","15B18",44.8634266,-0.0609448,"2018",1,"Vitis vinifera",1
"BACCHUS_OPERA@15C18","BACCHUS_OPERA","15C18",44.8635561,-0.0604958,"2018",1,"Vitis vinifera",1
"BACCHUS_OPERA@16B15","BACCHUS_OPERA","16B15",44.8754504,-0.0945857,"2018; 2019; 2020",3,"Vitis vinifera",1
"BACCHUS_OPERA@16C18","BACCHUS_OPERA","16C18",44.8754351,-0.0941667,"2018",1,"Vitis vinifera",1
"BACCHUS_OPERA@16C19","BACCHUS_OPERA","16C19",44.8769865,-0.0950759,"2019; 2020",2,"Vitis vinifera",1
"BACCHUS_OPERA@17B15","BACCHUS_OPERA","17B15",44.8957746,-0.1688144,"2018; 2019; 2020; 2021; 2022; 2023; 2024",7,"Vitis vinifera",1
"BACCHUS_OPERA@17C15","BACCHUS_OPERA","17C15",44.8957642,-0.1682306,"2018; 2019; 2020; 2021; 2022; 2023",6,"Vitis vinifera",1
"BACCHUS_OPERA@17C24","BACCHUS_OPERA","17C24",44.8959238,-0.1670607,"2024",1,"Vitis vinifera",1
"BACCHUS_OPERA@18B15","BACCHUS_OPERA","18B15",44.9452545,-0.1171418,"2018; 2019; 2020; 2021; 2022; 2023; 2024",7,"Vitis vinifera",1
"BACCHUS_OPERA@18C15","BACCHUS_OPERA","18C15",44.9451263,-0.1188222,"2018; 2019; 2020; 2021; 2022; 2023; 2024",7,"Vitis vinifera",1
"BACCHUS_OPERA@20B15","BACCHUS_OPERA","20B15",44.96013,-0.1760711,"2018; 2019; 2020; 2021; 2022; 2023; 2024",7,"Vitis vinifera",1
"BACCHUS_OPERA@20C15","BACCHUS_OPERA","20C15",44.9592737,-0.1748168,"2018; 2019; 2020; 2021; 2022; 2023; 2024",7,"Vitis vinifera",1
"BACCHUS_OPERA@21B15","BACCHUS_OPERA","21B15",44.9620026,-0.2237098,"2018; 2019; 2020; 2021; 2022; 2023; 2024",7,"Vitis vinifera",1
"BACCHUS_OPERA@21C18","BACCHUS_OPERA","21C18",44.9629599,-0.2217721,"2018; 2019; 2020; 2021; 2022; 2023; 2024",7,"Vitis vinifera",1
"BACCHUS_OPERA@22B21","BACCHUS_OPERA","22B21",44.9029163,-0.1897194,"2021; 2022; 2023; 2024",4,"Vitis vinifera",1
"BACCHUS_OPERA@22C21","BACCHUS_OPERA","22C21",44.9032602,-0.1902969,"2021; 2022; 2023; 2024",4,"Vitis vinifera",1
"BACCHUS_OPERA@23B21","BACCHUS_OPERA","23B21",44.8912694,-0.1265391,"2021; 2022; 2023; 2024",4,"Vitis vinifera",1
"BACCHUS_OPERA@23C21","BACCHUS_OPERA","23C21",44.8894676,-0.1278077,"2021",1,"Vitis vinifera",1
"BACCHUS_OPERA@23C22","BACCHUS_OPERA","23C22",44.8890676,-0.1269742,"2022; 2023; 2024",3,"Vitis vinifera",1
"BIOMHE@10","BIOMHE","10",48.0691089700277,-1.41646722382902,"2020",1,"Winter wheat",1
"BIOMHE@11","BIOMHE","11",48.0734279095817,-1.41397281738102,"2020",1,"Winter wheat",1
"BIOMHE@12","BIOMHE","12",47.9250858618155,-1.91159347716614,"2020",1,"Winter wheat",1
"BIOMHE@15","BIOMHE","15",48.0290909640367,-1.40593496125565,"2020",1,"Triticale (73%), pea (27%)",1
"BIOMHE@16","BIOMHE","16",48.0160913864715,-1.41097886888567,"2020",1,"Winter wheat",1
"BIOMHE@17","BIOMHE","17",48.0096643906661,-1.41030536736089,"2020",1,"Winter wheat",1
"BIOMHE@18","BIOMHE","18",47.8823145266418,-1.89566057431759,"2020",1,"Winter wheat",1
"BIOMHE@2","BIOMHE","2",47.9284249394139,-1.90460243066504,"2020",1,"Triticale (87.5%), pea (12.5%)",1
"BIOMHE@20","BIOMHE","20",47.9521948129069,-1.60916618800149,"2020",1,"Winter wheat",1
"BIOMHE@21","BIOMHE","21",48.0487777063613,-1.4604034630352,"2020",1,"Winter wheat",1
"BIOMHE@22","BIOMHE","22",48.0486146166361,-1.45221274719078,"2020",1,"Winter wheat",1
"BIOMHE@23","BIOMHE","23",48.035983495026,-1.44945915364795,"2020",1,"Winter wheat",1
"BIOMHE@24","BIOMHE","24",48.0369161660041,-1.50144786631633,"2020",1,"Winter wheat",1
"BIOMHE@25","BIOMHE","25",48.0349057122915,-1.50178415196659,"2020",1,"Winter wheat",1
"BIOMHE@28","BIOMHE","28",48.04286523076,-1.46943557840532,"2020",1,"Winter wheat",1
"BIOMHE@3","BIOMHE","3",47.9318354067238,-1.90465308528908,"2020",1,"Triticale (87.5%), pea (12.5%)",1
"BIOMHE@30","BIOMHE","30",48.008287913886,-1.39066193866069,"2020",1,"Winter wheat",1
"BIOMHE@31","BIOMHE","31",48.0320963059333,-1.43501851586623,"2020",1,"Winter wheat",1
"BIOMHE@33","BIOMHE","33",47.937970560197,-1.96882905344738,"2020",1,"Winter wheat",1
"BIOMHE@34","BIOMHE","34",47.8972993611068,-1.99126397796401,"2020",1,"Winter wheat",1
"BIOMHE@36","BIOMHE","36",48.1150388011047,-1.37829186446989,"2020",1,"Winter wheat",1
"BIOMHE@39","BIOMHE","39",47.7971607984068,-1.69157964926323,"2020",1,"Winter wheat",1
"BIOMHE@42","BIOMHE","42",47.9485197041529,-1.6094912623607,"2020",1,"Winter wheat",1
"BIOMHE@43","BIOMHE","43",47.8001990412209,-1.71667748120499,"2020",1,"Winter wheat (78%), faba bean (21%)",1
"BIOMHE@44","BIOMHE","44",47.8238508042653,-1.69713676402525,"2020",1,"Rye, linen",1
"BIOMHE@45","BIOMHE","45",47.9895041551202,-1.99493833261704,"2020",1,"Winter wheat",1
"BIOMHE@47","BIOMHE","47",47.9867481253734,-1.29952235588696,"2020",1,"Faba bean (55.5%), triticale (44.5%)",1
"BIOMHE@49","BIOMHE","49",48.0841835758872,-1.35960408524948,"2020",1,"Triticale (50%), pea (35%), faba bean (15%)",1
"BIOMHE@5","BIOMHE","5",47.9254897532707,-1.89325245005254,"2020",1,"Winter wheat",1
"BIOMHE@50","BIOMHE","50",48.1189049746627,-1.38791935647631,"2020",1,"Winter wheat",1
"BIOMHE@51","BIOMHE","51",47.8178903986809,-1.7056073883062,"2020",1,"Winter wheat",1
"BIOMHE@54","BIOMHE","54",47.9208679170578,-1.87452673665655,"2020",1,"Triticale (50%), pea (50%)",1
"BIOMHE@57","BIOMHE","57",47.9135312018225,-1.82722887961935,"2020",1,"Pea (34%), oat (27%), faba bean (24%), triticale (15%)",1
"BIOMHE@58","BIOMHE","58",47.9152498793402,-1.83016696700041,"2020",1,"Winter wheat",1
"BIOMHE@6","BIOMHE","6",48.030887280978,-1.43855571366516,"2020",1,"Spring oat",1
"BIOMHE@60","BIOMHE","60",47.9414650058861,-1.36773046352686,"2020",1,"Triticale",1
"BIOMHE@7","BIOMHE","7",47.9221253135063,-1.38506493067285,"2020",1,"Winter wheat",1
"BIOMHE@8","BIOMHE","8",47.9392436085788,-1.36487427531331,"2020",1,"Winter wheat",1
"BIOMHE@9","BIOMHE","9",47.8772195965237,-1.89053211407249,"2020",1,"Winter wheat",1
"BIOMHE@99","BIOMHE","99",47.9508505730886,-1.92845089653379,"2020",1,"Winter wheat",1
"BISCO@100","BISCO","100",48.5029458677689,-1.58568874157341,"2017",1,"Winter wheat",1
"BISCO@101","BISCO","101",48.5092585482089,-1.5705651793362,"2017",1,"Winter wheat",1
"BISCO@138","BISCO","138",48.4828972633784,-1.60579856116376,"2017",1,"Winter wheat",1
"BISCO@149","BISCO","149",48.4789212535312,-1.51123068819578,"2017",1,"Winter wheat",1
"BISCO@156","BISCO","156",48.4762475891893,-1.63259231470457,"2017",1,"Winter wheat",1
"BISCO@157","BISCO","157",48.483168616517,-1.64311258377713,"2017",1,"Winter wheat",1
"BISCO@169","BISCO","169",48.4842400120002,-1.58920159105911,"2017",1,"Winter wheat",1
"BISCO@176","BISCO","176",48.4942851996502,-1.60040168144874,"2017",1,"Winter wheat",1
"BISCO@180","BISCO","180",48.490128619942,-1.58725615387382,"2017",1,"Winter wheat",1
"BISCO@19","BISCO","19",48.5025699112098,-1.57099068618407,"2017",1,"Winter wheat",1
"BISCO@20","BISCO","20",48.5039030277174,-1.50841778981313,"2017",1,"Winter wheat",1
"BISCO@200","BISCO","200",48.4879555599766,-1.63133109152217,"2017",1,"Winter wheat",1
"BISCO@26","BISCO","26",48.5127052554799,-1.51915429586554,"2017",1,"Winter wheat",1
"BISCO@269","BISCO","269",48.481404520641,-1.63766643610403,"2017",1,"Winter wheat",1
"BISCO@27","BISCO","27",48.4791634600052,-1.61481875752855,"2017",1,"Winter wheat",1
"BISCO@281","BISCO","281",48.4880483676423,-1.51213343851832,"2017",1,"Winter wheat",1
"BISCO@29","BISCO","29",48.507084174223,-1.56507756452518,"2017",1,"Winter wheat",1
"BISCO@30","BISCO","30",48.5062355425959,-1.60192220035752,"2017",1,"Winter wheat",1
"BISCO@32","BISCO","32",48.5086535261852,-1.54556572095946,"2017",1,"Winter wheat",1
"BISCO@39a","BISCO","39a",48.5098272313185,-1.59306098133796,"2017",1,"Winter wheat",1
"BISCO@39b","BISCO","39b",48.4933177963094,-1.56919464788232,"2017",1,"Winter wheat",1
"BISCO@43","BISCO","43",48.5165322725737,-1.5783853436354,"2017",1,"Winter wheat",1
"BISCO@59","BISCO","59",48.5291252154388,-1.56318796898827,"2017",1,"Winter wheat",1
"BISCO@68","BISCO","68",48.528690450248,-1.54151200603628,"2017",1,"Winter wheat",1
"BISCO@71","BISCO","71",48.4923938627582,-1.52069925976875,"2017",1,"Winter wheat",1
"BISCO@75","BISCO","75",48.5342910825796,-1.60654399095772,"2017",1,"Winter wheat",1
"BISCO@86","BISCO","86",48.5564883108728,-1.61749998260436,"2017",1,"Winter wheat",1
"DIVAG@10AB-M","DIVAG","10AB-M",48.0096033293508,-1.38406377983605,"2019",1,"Winter wheat + ?",1
"DIVAG@11AB-M","DIVAG","11AB-M",48.0120684277744,-1.26789757410699,"2019",1,"Meslin",1
"DIVAG@12AB-M","DIVAG","12AB-M",47.9313803490993,-1.43579491717234,"2019",1,"Triticale, pea, oat",1
"DIVAG@12AB-P","DIVAG","12AB-P",47.9348650288982,-1.42964324440912,"2019",1,"Winter wheat",1
"DIVAG@13AB-P","DIVAG","13AB-P",47.9576959512533,-1.61008197768451,"2019",1,"Winter wheat",1
"DIVAG@14AB-M","DIVAG","14AB-M",47.9476619652557,-1.60516692704469,"2019",1,"Triticale, faba bean",1
"DIVAG@14AB-P","DIVAG","14AB-P",47.9462028480051,-1.60776281893257,"2019",1,"Winter wheat",1
"DIVAG@15AB-M1","DIVAG","15AB-M1",47.8220407796874,-1.69997754892132,"2019",1,"Winter wheat + ?",1
"DIVAG@15AB-M2","DIVAG","15AB-M2",47.8204660777319,-1.6960931126953,"2019",1,"Spelt, faba bean",1
"DIVAG@16AB-M","DIVAG","16AB-M",47.8173663074014,-1.68995740006808,"2019",1,"Spelt, faba bean",1
"DIVAG@17AB-M","DIVAG","17AB-M",47.8788397694815,-1.89622781956591,"2019",1,"Winter wheat + ?",1
"DIVAG@17AB-P","DIVAG","17AB-P",47.8776789650359,-1.89199612803235,"2019",1,"Winter wheat",1
"DIVAG@18AB-M1","DIVAG","18AB-M1",47.9266828400212,-1.89130035350302,"2019",1,"Triticale, pea",1
"DIVAG@18AB-M2","DIVAG","18AB-M2",47.9244622588454,-1.90221904684802,"2019",1,"Triticale, pea",1
"DIVAG@18AB-M3","DIVAG","18AB-M3",47.9268071063631,-1.88078024089924,"2019",1,"Triticale, pea",1
"DIVAG@18AB-P","DIVAG","18AB-P",47.9281623438799,-1.89982789532592,"2019",1,"Winter wheat",1
"DIVAG@19AB-P","DIVAG","19AB-P",47.9318156267893,-1.90417794781195,"2019",1,"Winter wheat",1
"DIVAG@1AB-P","DIVAG","1AB-P",48.1201744198867,-1.37542210168538,"2019",1,"Winter wheat",1
"DIVAG@20AB-P1","DIVAG","20AB-P1",47.996651701327,-1.42168511180599,"2019",1,"Winter wheat",1
"DIVAG@20AB-P2","DIVAG","20AB-P2",47.9982702694404,-1.42211737902343,"2019",1,"Winter wheat",1
"DIVAG@21AB-M1","DIVAG","21AB-M1",47.9500506182775,-1.94994860444824,"2019",1,"Triticale, spelt, faba bean",1
"DIVAG@21AB-M2","DIVAG","21AB-M2",47.9537180852008,-1.95244036447777,"2019",1,"Triticale, spelt, faba bean",1
"DIVAG@21AB-P","DIVAG","21AB-P",47.94864308826,-1.94929501749356,"2019",1,"Winter wheat",1
"DIVAG@22AB-M","DIVAG","22AB-M",47.9874967470294,-1.99227303304358,"2019",1,"Spelt, faba bean",1
"DIVAG@23AB-M","DIVAG","23AB-M",47.9846377693926,-1.30428976310588,"2019",1,"Triticale, faba bean",1
"DIVAG@24AB-P","DIVAG","24AB-P",47.9625943695816,-1.62219278335369,"2019",1,"Winter wheat",1
"DIVAG@25AB-M1","DIVAG","25AB-M1",47.8702079063239,-1.96717561417665,"2019",1,"Triticale, pea",1
"DIVAG@25AB-M2","DIVAG","25AB-M2",47.8703228527814,-1.97900495035351,"2019",1,"Meslin",1
"DIVAG@26AB-M","DIVAG","26AB-M",47.9181570986104,-1.98122585691256,"2019",1,"Triticale, oat, pea, faba bean",1
"DIVAG@27AB-M","DIVAG","27AB-M",47.9664554626538,-1.91790851578631,"2019",1,"Triticale, spelt, faba bean",1
"DIVAG@27AB-P","DIVAG","27AB-P",47.9519187294938,-1.92380380312343,"2019",1,"Winter wheat",1
"DIVAG@2AB-P","DIVAG","2AB-P",48.0705492109524,-1.50655882468734,"2019",1,"Winter wheat",1
"DIVAG@3AB-P","DIVAG","3AB-P",48.0489730313654,-1.45511304421663,"2019",1,"Winter wheat",1
"DIVAG@4AB-P","DIVAG","4AB-P",48.064890222845,-1.42190671359729,"2019",1,"Winter wheat",1
"DIVAG@5AB-P","DIVAG","5AB-P",48.054655570997,-1.42710560660904,"2019",1,"Winter wheat",1
"DIVAG@6AB-P","DIVAG","6AB-P",48.0673633524393,-1.35790412239167,"2019",1,"Winter wheat",1
"DIVAG@7AB-P","DIVAG","7AB-P",48.0676092753785,-1.35343907373327,"2019",1,"Winter wheat",1
"DIVAG@8AB-M","DIVAG","8AB-M",48.0323342322222,-1.40921952590794,"2019",1,"Triticale, pea",1
"DIVAG@8AB-P","DIVAG","8AB-P",48.0402275391901,-1.41841127496881,"2019",1,"Winter wheat",1
"DIVAG@9AB-P","DIVAG","9AB-P",48.0301282610111,-1.43247823146322,"2019",1,"Winter wheat",1
"DURUM_MIX_GM@1_11","DURUM_MIX_GM","1_11",43.6172222,3.855,"2018",1,"Triticum turgidum ssp. durum",1
"DURUM_MIX_GM@1_12","DURUM_MIX_GM","1_12",43.6172222,3.855,"2018",1,"Triticum turgidum ssp. durum",1
"DURUM_MIX_GM@1_13","DURUM_MIX_GM","1_13",43.6172222,3.855,"2018",1,"Triticum turgidum ssp. durum",1
"DURUM_MIX_GM@1_14","DURUM_MIX_GM","1_14",43.6172222,3.855,"2018",1,"Triticum turgidum ssp. durum",1
"DURUM_MIX_GM@1_15","DURUM_MIX_GM","1_15",43.6172222,3.855,"2018",1,"Triticum turgidum ssp. durum",1
"DURUM_MIX_GM@1_16","DURUM_MIX_GM","1_16",43.6172222,3.855,"2018",1,"Triticum turgidum ssp. durum",1
"DURUM_MIX_GM@1_17","DURUM_MIX_GM","1_17",43.6172222,3.855,"2018",1,"Triticum turgidum ssp. durum",1
"DURUM_MIX_GM@1_18","DURUM_MIX_GM","1_18",43.6172222,3.855,"2018",1,"Triticum turgidum ssp. durum",1
"DURUM_MIX_GM@1_19","DURUM_MIX_GM","1_19",43.6172222,3.855,"2018",1,"Triticum turgidum ssp. durum",1
"DURUM_MIX_GM@10_11","DURUM_MIX_GM","10_11",43.6172222,3.855,"2018",1,"Triticum turgidum ssp. durum",1
"DURUM_MIX_GM@10_12","DURUM_MIX_GM","10_12",43.6172222,3.855,"2018",1,"Triticum turgidum ssp. durum",1
"DURUM_MIX_GM@10_13","DURUM_MIX_GM","10_13",43.6172222,3.855,"2018",1,"Triticum turgidum ssp. durum",1
"DURUM_MIX_GM@10_14","DURUM_MIX_GM","10_14",43.6172222,3.855,"2018",1,"Triticum turgidum ssp. durum",1
"DURUM_MIX_GM@10_15","DURUM_MIX_GM","10_15",43.6172222,3.855,"2018",1,"Triticum turgidum ssp. durum",1
"DURUM_MIX_GM@10_16","DURUM_MIX_GM","10_16",43.6172222,3.855,"2018",1,"Triticum turgidum ssp. durum",1
"DURUM_MIX_GM@10_17","DURUM_MIX_GM","10_17",43.6172222,3.855,"2018",1,"Triticum turgidum ssp. durum",1
"DURUM_MIX_GM@10_18","DURUM_MIX_GM","10_18",43.6172222,3.855,"2018",1,"Triticum turgidum ssp. durum",1
"DURUM_MIX_GM@10_19","DURUM_MIX_GM","10_19",43.6172222,3.855,"2018",1,"Triticum turgidum ssp. durum",1
"DURUM_MIX_GM@10_20","DURUM_MIX_GM","10_20",43.6172222,3.855,"2018",1,"Triticum turgidum ssp. durum",1
"DURUM_MIX_GM@10_21","DURUM_MIX_GM","10_21",43.6172222,3.855,"2018",1,"Triticum turgidum ssp. durum",1
"DURUM_MIX_GM@10_22","DURUM_MIX_GM","10_22",43.6172222,3.855,"2018",1,"Triticum turgidum ssp. durum",1
"DURUM_MIX_GM@10_23","DURUM_MIX_GM","10_23",43.6172222,3.855,"2018",1,"Triticum turgidum ssp. durum",1
"DURUM_MIX_GM@10_24","DURUM_MIX_GM","10_24",43.6172222,3.855,"2018",1,"Triticum turgidum ssp. durum",1
"DURUM_MIX_GM@10_25","DURUM_MIX_GM","10_25",43.6172222,3.855,"2018",1,"Triticum turgidum ssp. durum",1
"DURUM_MIX_GM@10_26","DURUM_MIX_GM","10_26",43.6172222,3.855,"2018",1,"Triticum turgidum ssp. durum",1
"DURUM_MIX_GM@10_27","DURUM_MIX_GM","10_27",43.6172222,3.855,"2018",1,"Triticum turgidum ssp. durum",1
"DURUM_MIX_GM@10_28","DURUM_MIX_GM","10_28",43.6172222,3.855,"2018",1,"Triticum turgidum ssp. durum",1
"DURUM_MIX_GM@10_29","DURUM_MIX_GM","10_29",43.6172222,3.855,"2018",1,"Triticum turgidum ssp. durum",1
"DURUM_MIX_GM@10_30","DURUM_MIX_GM","10_30",43.6172222,3.855,"2018",1,"Triticum turgidum ssp. durum",1
"DURUM_MIX_GM@10_31","DURUM_MIX_GM","10_31",43.6172222,3.855,"2018",1,"Triticum turgidum ssp. durum",1
"DURUM_MIX_GM@10_32","DURUM_MIX_GM","10_32",43.6172222,3.855,"2018",1,"Triticum turgidum ssp. durum",1
"DURUM_MIX_GM@10_33","DURUM_MIX_GM","10_33",43.6172222,3.855,"2018",1,"Triticum turgidum ssp. durum",1
"DURUM_MIX_GM@10_34","DURUM_MIX_GM","10_34",43.6172222,3.855,"2018",1,"Triticum turgidum ssp. durum",1
"DURUM_MIX_GM@10_35","DURUM_MIX_GM","10_35",43.6172222,3.855,"2018",1,"Triticum turgidum ssp. durum",1
"DURUM_MIX_GM@10_36","DURUM_MIX_GM","10_36",43.6172222,3.855,"2018",1,"Triticum turgidum ssp. durum",1
"DURUM_MIX_GM@10_37","DURUM_MIX_GM","10_37",43.6172222,3.855,"2018",1,"Triticum turgidum ssp. durum",1
"DURUM_MIX_GM@10_38","DURUM_MIX_GM","10_38",43.6172222,3.855,"2018",1,"Triticum turgidum ssp. durum",1
"DURUM_MIX_GM@10_39","DURUM_MIX_GM","10_39",43.6172222,3.855,"2018",1,"Triticum turgidum ssp. durum",1
"DURUM_MIX_GM@10_40","DURUM_MIX_GM","10_40",43.6172222,3.855,"2018",1,"Triticum turgidum ssp. durum",1
"DURUM_MIX_GM@10_41","DURUM_MIX_GM","10_41",43.6172222,3.855,"2018",1,"Triticum turgidum ssp. durum",1
"DURUM_MIX_GM@11_14","DURUM_MIX_GM","11_14",43.6172222,3.855,"2018",1,"Triticum turgidum ssp. durum",1
"DURUM_MIX_GM@11_15","DURUM_MIX_GM","11_15",43.6172222,3.855,"2018",1,"Triticum turgidum ssp. durum",1
"DURUM_MIX_GM@11_23","DURUM_MIX_GM","11_23",43.6172222,3.855,"2018",1,"Triticum turgidum ssp. durum",1
"DURUM_MIX_GM@11_25","DURUM_MIX_GM","11_25",43.6172222,3.855,"2018",1,"Triticum turgidum ssp. durum",1
"DURUM_MIX_GM@11_30","DURUM_MIX_GM","11_30",43.6172222,3.855,"2018",1,"Triticum turgidum ssp. durum",1
"DURUM_MIX_GM@11_32","DURUM_MIX_GM","11_32",43.6172222,3.855,"2018",1,"Triticum turgidum ssp. durum",1
"DURUM_MIX_GM@11_34","DURUM_MIX_GM","11_34",43.6172222,3.855,"2018",1,"Triticum turgidum ssp. durum",1
"DURUM_MIX_GM@11_35","DURUM_MIX_GM","11_35",43.6172222,3.855,"2018",1,"Triticum turgidum ssp. durum",1
"DURUM_MIX_GM@2_12","DURUM_MIX_GM","2_12",43.6172222,3.855,"2018",1,"Triticum turgidum ssp. durum",1
"DURUM_MIX_GM@2_15","DURUM_MIX_GM","2_15",43.6172222,3.855,"2018",1,"Triticum turgidum ssp. durum",1
"DURUM_MIX_GM@2_16","DURUM_MIX_GM","2_16",43.6172222,3.855,"2018",1,"Triticum turgidum ssp. durum",1
"DURUM_MIX_GM@2_17","DURUM_MIX_GM","2_17",43.6172222,3.855,"2018",1,"Triticum turgidum ssp. durum",1
"DURUM_MIX_GM@2_19","DURUM_MIX_GM","2_19",43.6172222,3.855,"2018",1,"Triticum turgidum ssp. durum",1
"DURUM_MIX_GM@2_20","DURUM_MIX_GM","2_20",43.6172222,3.855,"2018",1,"Triticum turgidum ssp. durum",1
"DURUM_MIX_GM@2_21","DURUM_MIX_GM","2_21",43.6172222,3.855,"2018",1,"Triticum turgidum ssp. durum",1
"DURUM_MIX_GM@2_24","DURUM_MIX_GM","2_24",43.6172222,3.855,"2018",1,"Triticum turgidum ssp. durum",1
"DURUM_MIX_GM@2_25","DURUM_MIX_GM","2_25",43.6172222,3.855,"2018",1,"Triticum turgidum ssp. durum",1
"DURUM_MIX_GM@2_28","DURUM_MIX_GM","2_28",43.6172222,3.855,"2018",1,"Triticum turgidum ssp. durum",1
"DURUM_MIX_GM@2_29","DURUM_MIX_GM","2_29",43.6172222,3.855,"2018",1,"Triticum turgidum ssp. durum",1
"DURUM_MIX_GM@2_32","DURUM_MIX_GM","2_32",43.6172222,3.855,"2018",1,"Triticum turgidum ssp. durum",1
"DURUM_MIX_GM@2_33","DURUM_MIX_GM","2_33",43.6172222,3.855,"2018",1,"Triticum turgidum ssp. durum",1
"DURUM_MIX_GM@2_35","DURUM_MIX_GM","2_35",43.6172222,3.855,"2018",1,"Triticum turgidum ssp. durum",1
"DURUM_MIX_GM@2_37","DURUM_MIX_GM","2_37",43.6172222,3.855,"2018",1,"Triticum turgidum ssp. durum",1
"DURUM_MIX_GM@2_38","DURUM_MIX_GM","2_38",43.6172222,3.855,"2018",1,"Triticum turgidum ssp. durum",1
"DURUM_MIX_GM@2_40","DURUM_MIX_GM","2_40",43.6172222,3.855,"2018",1,"Triticum turgidum ssp. durum",1
"DURUM_MIX_GM@3_1","DURUM_MIX_GM","3_1",43.6172222,3.855,"2018",1,"Triticum turgidum ssp. durum",1
"DURUM_MIX_GM@3_12","DURUM_MIX_GM","3_12",43.6172222,3.855,"2018",1,"Triticum turgidum ssp. durum",1
"DURUM_MIX_GM@3_16","DURUM_MIX_GM","3_16",43.6172222,3.855,"2018",1,"Triticum turgidum ssp. durum",1
"DURUM_MIX_GM@3_2","DURUM_MIX_GM","3_2",43.6172222,3.855,"2018",1,"Triticum turgidum ssp. durum",1
"DURUM_MIX_GM@3_20","DURUM_MIX_GM","3_20",43.6172222,3.855,"2018",1,"Triticum turgidum ssp. durum",1
"DURUM_MIX_GM@3_22","DURUM_MIX_GM","3_22",43.6172222,3.855,"2018",1,"Triticum turgidum ssp. durum",1
"DURUM_MIX_GM@3_26","DURUM_MIX_GM","3_26",43.6172222,3.855,"2018",1,"Triticum turgidum ssp. durum",1
"DURUM_MIX_GM@3_28","DURUM_MIX_GM","3_28",43.6172222,3.855,"2018",1,"Triticum turgidum ssp. durum",1
"DURUM_MIX_GM@3_3","DURUM_MIX_GM","3_3",43.6172222,3.855,"2018",1,"Triticum turgidum ssp. durum",1
"DURUM_MIX_GM@3_31","DURUM_MIX_GM","3_31",43.6172222,3.855,"2018",1,"Triticum turgidum ssp. durum",1
"DURUM_MIX_GM@3_33","DURUM_MIX_GM","3_33",43.6172222,3.855,"2018",1,"Triticum turgidum ssp. durum",1
"DURUM_MIX_GM@3_34","DURUM_MIX_GM","3_34",43.6172222,3.855,"2018",1,"Triticum turgidum ssp. durum",1
"DURUM_MIX_GM@3_38","DURUM_MIX_GM","3_38",43.6172222,3.855,"2018",1,"Triticum turgidum ssp. durum",1
"DURUM_MIX_GM@3_41","DURUM_MIX_GM","3_41",43.6172222,3.855,"2018",1,"Triticum turgidum ssp. durum",1
"DURUM_MIX_GM@3_5","DURUM_MIX_GM","3_5",43.6172222,3.855,"2018",1,"Triticum turgidum ssp. durum",1
"DURUM_MIX_GM@3_6","DURUM_MIX_GM","3_6",43.6172222,3.855,"2018",1,"Triticum turgidum ssp. durum",1
"DURUM_MIX_GM@3_7","DURUM_MIX_GM","3_7",43.6172222,3.855,"2018",1,"Triticum turgidum ssp. durum",1
"DURUM_MIX_GM@3_8","DURUM_MIX_GM","3_8",43.6172222,3.855,"2018",1,"Triticum turgidum ssp. durum",1
"DURUM_MIX_GM@4_15","DURUM_MIX_GM","4_15",43.6172222,3.855,"2018",1,"Triticum turgidum ssp. durum",1
"DURUM_MIX_GM@4_16","DURUM_MIX_GM","4_16",43.6172222,3.855,"2018",1,"Triticum turgidum ssp. durum",1
"DURUM_MIX_GM@4_19","DURUM_MIX_GM","4_19",43.6172222,3.855,"2018",1,"Triticum turgidum ssp. durum",1
"DURUM_MIX_GM@4_22","DURUM_MIX_GM","4_22",43.6172222,3.855,"2018",1,"Triticum turgidum ssp. durum",1
"DURUM_MIX_GM@4_24","DURUM_MIX_GM","4_24",43.6172222,3.855,"2018",1,"Triticum turgidum ssp. durum",1
"DURUM_MIX_GM@4_27","DURUM_MIX_GM","4_27",43.6172222,3.855,"2018",1,"Triticum turgidum ssp. durum",1
"DURUM_MIX_GM@4_29","DURUM_MIX_GM","4_29",43.6172222,3.855,"2018",1,"Triticum turgidum ssp. durum",1
"DURUM_MIX_GM@4_3","DURUM_MIX_GM","4_3",43.6172222,3.855,"2018",1,"Triticum turgidum ssp. durum",1
"DURUM_MIX_GM@4_30","DURUM_MIX_GM","4_30",43.6172222,3.855,"2018",1,"Triticum turgidum ssp. durum",1
"DURUM_MIX_GM@4_31","DURUM_MIX_GM","4_31",43.6172222,3.855,"2018",1,"Triticum turgidum ssp. durum",1
"DURUM_MIX_GM@4_36","DURUM_MIX_GM","4_36",43.6172222,3.855,"2018",1,"Triticum turgidum ssp. durum",1
"DURUM_MIX_GM@4_40","DURUM_MIX_GM","4_40",43.6172222,3.855,"2018",1,"Triticum turgidum ssp. durum",1
"DURUM_MIX_GM@4_41","DURUM_MIX_GM","4_41",43.6172222,3.855,"2018",1,"Triticum turgidum ssp. durum",1
"DURUM_MIX_GM@4_8","DURUM_MIX_GM","4_8",43.6172222,3.855,"2018",1,"Triticum turgidum ssp. durum",1
"DURUM_MIX_GM@5_1","DURUM_MIX_GM","5_1",43.6172222,3.855,"2018",1,"Triticum turgidum ssp. durum",1
"DURUM_MIX_GM@5_11","DURUM_MIX_GM","5_11",43.6172222,3.855,"2018",1,"Triticum turgidum ssp. durum",1
"DURUM_MIX_GM@5_12","DURUM_MIX_GM","5_12",43.6172222,3.855,"2018",1,"Triticum turgidum ssp. durum",1
"DURUM_MIX_GM@5_13","DURUM_MIX_GM","5_13",43.6172222,3.855,"2018",1,"Triticum turgidum ssp. durum",1
"DURUM_MIX_GM@5_14","DURUM_MIX_GM","5_14",43.6172222,3.855,"2018",1,"Triticum turgidum ssp. durum",1
"DURUM_MIX_GM@5_15","DURUM_MIX_GM","5_15",43.6172222,3.855,"2018",1,"Triticum turgidum ssp. durum",1
"DURUM_MIX_GM@5_16","DURUM_MIX_GM","5_16",43.6172222,3.855,"2018",1,"Triticum turgidum ssp. durum",1
"DURUM_MIX_GM@5_17","DURUM_MIX_GM","5_17",43.6172222,3.855,"2018",1,"Triticum turgidum ssp. durum",1
"DURUM_MIX_GM@5_18","DURUM_MIX_GM","5_18",43.6172222,3.855,"2018",1,"Triticum turgidum ssp. durum",1
"DURUM_MIX_GM@5_19","DURUM_MIX_GM","5_19",43.6172222,3.855,"2018",1,"Triticum turgidum ssp. durum",1
"DURUM_MIX_GM@5_2","DURUM_MIX_GM","5_2",43.6172222,3.855,"2018",1,"Triticum turgidum ssp. durum",1
"DURUM_MIX_GM@5_20","DURUM_MIX_GM","5_20",43.6172222,3.855,"2018",1,"Triticum turgidum ssp. durum",1
"DURUM_MIX_GM@5_21","DURUM_MIX_GM","5_21",43.6172222,3.855,"2018",1,"Triticum turgidum ssp. durum",1
"DURUM_MIX_GM@5_22","DURUM_MIX_GM","5_22",43.6172222,3.855,"2018",1,"Triticum turgidum ssp. durum",1
"DURUM_MIX_GM@5_23","DURUM_MIX_GM","5_23",43.6172222,3.855,"2018",1,"Triticum turgidum ssp. durum",1
"DURUM_MIX_GM@5_24","DURUM_MIX_GM","5_24",43.6172222,3.855,"2018",1,"Triticum turgidum ssp. durum",1
"DURUM_MIX_GM@5_25","DURUM_MIX_GM","5_25",43.6172222,3.855,"2018",1,"Triticum turgidum ssp. durum",1
"DURUM_MIX_GM@5_26","DURUM_MIX_GM","5_26",43.6172222,3.855,"2018",1,"Triticum turgidum ssp. durum",1
"DURUM_MIX_GM@5_27","DURUM_MIX_GM","5_27",43.6172222,3.855,"2018",1,"Triticum turgidum ssp. durum",1
"DURUM_MIX_GM@5_28","DURUM_MIX_GM","5_28",43.6172222,3.855,"2018",1,"Triticum turgidum ssp. durum",1
"DURUM_MIX_GM@5_29","DURUM_MIX_GM","5_29",43.6172222,3.855,"2018",1,"Triticum turgidum ssp. durum",1
"DURUM_MIX_GM@5_30","DURUM_MIX_GM","5_30",43.6172222,3.855,"2018",1,"Triticum turgidum ssp. durum",1
"DURUM_MIX_GM@5_31","DURUM_MIX_GM","5_31",43.6172222,3.855,"2018",1,"Triticum turgidum ssp. durum",1
"DURUM_MIX_GM@5_32","DURUM_MIX_GM","5_32",43.6172222,3.855,"2018",1,"Triticum turgidum ssp. durum",1
"DURUM_MIX_GM@5_33","DURUM_MIX_GM","5_33",43.6172222,3.855,"2018",1,"Triticum turgidum ssp. durum",1
"DURUM_MIX_GM@5_34","DURUM_MIX_GM","5_34",43.6172222,3.855,"2018",1,"Triticum turgidum ssp. durum",1
"DURUM_MIX_GM@5_35","DURUM_MIX_GM","5_35",43.6172222,3.855,"2018",1,"Triticum turgidum ssp. durum",1
"DURUM_MIX_GM@5_36","DURUM_MIX_GM","5_36",43.6172222,3.855,"2018",1,"Triticum turgidum ssp. durum",1
"DURUM_MIX_GM@5_37","DURUM_MIX_GM","5_37",43.6172222,3.855,"2018",1,"Triticum turgidum ssp. durum",1
"DURUM_MIX_GM@5_38","DURUM_MIX_GM","5_38",43.6172222,3.855,"2018",1,"Triticum turgidum ssp. durum",1
"DURUM_MIX_GM@5_39","DURUM_MIX_GM","5_39",43.6172222,3.855,"2018",1,"Triticum turgidum ssp. durum",1
"DURUM_MIX_GM@5_4","DURUM_MIX_GM","5_4",43.6172222,3.855,"2018",1,"Triticum turgidum ssp. durum",1
"DURUM_MIX_GM@5_40","DURUM_MIX_GM","5_40",43.6172222,3.855,"2018",1,"Triticum turgidum ssp. durum",1
"DURUM_MIX_GM@5_41","DURUM_MIX_GM","5_41",43.6172222,3.855,"2018",1,"Triticum turgidum ssp. durum",1
"DURUM_MIX_GM@5_5","DURUM_MIX_GM","5_5",43.6172222,3.855,"2018",1,"Triticum turgidum ssp. durum",1
"DURUM_MIX_GM@5_6","DURUM_MIX_GM","5_6",43.6172222,3.855,"2018",1,"Triticum turgidum ssp. durum",1
"DURUM_MIX_GM@5_7","DURUM_MIX_GM","5_7",43.6172222,3.855,"2018",1,"Triticum turgidum ssp. durum",1
"DURUM_MIX_GM@5_8","DURUM_MIX_GM","5_8",43.6172222,3.855,"2018",1,"Triticum turgidum ssp. durum",1
"DURUM_MIX_GM@6_11","DURUM_MIX_GM","6_11",43.6172222,3.855,"2018",1,"Triticum turgidum ssp. durum",1
"DURUM_MIX_GM@6_12","DURUM_MIX_GM","6_12",43.6172222,3.855,"2018",1,"Triticum turgidum ssp. durum",1
"DURUM_MIX_GM@6_13","DURUM_MIX_GM","6_13",43.6172222,3.855,"2018",1,"Triticum turgidum ssp. durum",1
"DURUM_MIX_GM@6_14","DURUM_MIX_GM","6_14",43.6172222,3.855,"2018",1,"Triticum turgidum ssp. durum",1
"DURUM_MIX_GM@6_15","DURUM_MIX_GM","6_15",43.6172222,3.855,"2018",1,"Triticum turgidum ssp. durum",1
"DURUM_MIX_GM@6_16","DURUM_MIX_GM","6_16",43.6172222,3.855,"2018",1,"Triticum turgidum ssp. durum",1
"DURUM_MIX_GM@6_17","DURUM_MIX_GM","6_17",43.6172222,3.855,"2018",1,"Triticum turgidum ssp. durum",1
"DURUM_MIX_GM@6_2","DURUM_MIX_GM","6_2",43.6172222,3.855,"2018",1,"Triticum turgidum ssp. durum",1
"DURUM_MIX_GM@6_20","DURUM_MIX_GM","6_20",43.6172222,3.855,"2018",1,"Triticum turgidum ssp. durum",1
"DURUM_MIX_GM@6_21","DURUM_MIX_GM","6_21",43.6172222,3.855,"2018",1,"Triticum turgidum ssp. durum",1
"DURUM_MIX_GM@6_26","DURUM_MIX_GM","6_26",43.6172222,3.855,"2018",1,"Triticum turgidum ssp. durum",1
"DURUM_MIX_GM@6_27","DURUM_MIX_GM","6_27",43.6172222,3.855,"2018",1,"Triticum turgidum ssp. durum",1
"DURUM_MIX_GM@6_31","DURUM_MIX_GM","6_31",43.6172222,3.855,"2018",1,"Triticum turgidum ssp. durum",1
"DURUM_MIX_GM@6_32","DURUM_MIX_GM","6_32",43.6172222,3.855,"2018",1,"Triticum turgidum ssp. durum",1
"DURUM_MIX_GM@6_34","DURUM_MIX_GM","6_34",43.6172222,3.855,"2018",1,"Triticum turgidum ssp. durum",1
"DURUM_MIX_GM@6_41","DURUM_MIX_GM","6_41",43.6172222,3.855,"2018",1,"Triticum turgidum ssp. durum",1
"DURUM_MIX_GM@6_6","DURUM_MIX_GM","6_6",43.6172222,3.855,"2018",1,"Triticum turgidum ssp. durum",1
"DURUM_MIX_GM@7_14","DURUM_MIX_GM","7_14",43.6172222,3.855,"2018",1,"Triticum turgidum ssp. durum",1
"DURUM_MIX_GM@7_15","DURUM_MIX_GM","7_15",43.6172222,3.855,"2018",1,"Triticum turgidum ssp. durum",1
"DURUM_MIX_GM@7_16","DURUM_MIX_GM","7_16",43.6172222,3.855,"2018",1,"Triticum turgidum ssp. durum",1
"DURUM_MIX_GM@7_19","DURUM_MIX_GM","7_19",43.6172222,3.855,"2018",1,"Triticum turgidum ssp. durum",1
"DURUM_MIX_GM@7_2","DURUM_MIX_GM","7_2",43.6172222,3.855,"2018",1,"Triticum turgidum ssp. durum",1
"DURUM_MIX_GM@7_21","DURUM_MIX_GM","7_21",43.6172222,3.855,"2018",1,"Triticum turgidum ssp. durum",1
"DURUM_MIX_GM@7_22","DURUM_MIX_GM","7_22",43.6172222,3.855,"2018",1,"Triticum turgidum ssp. durum",1
"DURUM_MIX_GM@7_23","DURUM_MIX_GM","7_23",43.6172222,3.855,"2018",1,"Triticum turgidum ssp. durum",1
"DURUM_MIX_GM@7_24","DURUM_MIX_GM","7_24",43.6172222,3.855,"2018",1,"Triticum turgidum ssp. durum",1
"DURUM_MIX_GM@7_28","DURUM_MIX_GM","7_28",43.6172222,3.855,"2018",1,"Triticum turgidum ssp. durum",1
"DURUM_MIX_GM@7_30","DURUM_MIX_GM","7_30",43.6172222,3.855,"2018",1,"Triticum turgidum ssp. durum",1
"DURUM_MIX_GM@7_33","DURUM_MIX_GM","7_33",43.6172222,3.855,"2018",1,"Triticum turgidum ssp. durum",1
"DURUM_MIX_GM@7_36","DURUM_MIX_GM","7_36",43.6172222,3.855,"2018",1,"Triticum turgidum ssp. durum",1
"DURUM_MIX_GM@7_37","DURUM_MIX_GM","7_37",43.6172222,3.855,"2018",1,"Triticum turgidum ssp. durum",1
"DURUM_MIX_GM@7_38","DURUM_MIX_GM","7_38",43.6172222,3.855,"2018",1,"Triticum turgidum ssp. durum",1
"DURUM_MIX_GM@7_4","DURUM_MIX_GM","7_4",43.6172222,3.855,"2018",1,"Triticum turgidum ssp. durum",1
"DURUM_MIX_GM@7_40","DURUM_MIX_GM","7_40",43.6172222,3.855,"2018",1,"Triticum turgidum ssp. durum",1
"DURUM_MIX_GM@7_41","DURUM_MIX_GM","7_41",43.6172222,3.855,"2018",1,"Triticum turgidum ssp. durum",1
"DURUM_MIX_GM@7_5","DURUM_MIX_GM","7_5",43.6172222,3.855,"2018",1,"Triticum turgidum ssp. durum",1
"DURUM_MIX_GM@7_7","DURUM_MIX_GM","7_7",43.6172222,3.855,"2018",1,"Triticum turgidum ssp. durum",1
"DURUM_MIX_GM@8_11","DURUM_MIX_GM","8_11",43.6172222,3.855,"2018",1,"Triticum turgidum ssp. durum",1
"DURUM_MIX_GM@8_12","DURUM_MIX_GM","8_12",43.6172222,3.855,"2018",1,"Triticum turgidum ssp. durum",1
"DURUM_MIX_GM@8_13","DURUM_MIX_GM","8_13",43.6172222,3.855,"2018",1,"Triticum turgidum ssp. durum",1
"DURUM_MIX_GM@8_14","DURUM_MIX_GM","8_14",43.6172222,3.855,"2018",1,"Triticum turgidum ssp. durum",1
"DURUM_MIX_GM@8_15","DURUM_MIX_GM","8_15",43.6172222,3.855,"2018",1,"Triticum turgidum ssp. durum",1
"DURUM_MIX_GM@8_16","DURUM_MIX_GM","8_16",43.6172222,3.855,"2018",1,"Triticum turgidum ssp. durum",1
"DURUM_MIX_GM@8_17","DURUM_MIX_GM","8_17",43.6172222,3.855,"2018",1,"Triticum turgidum ssp. durum",1
"DURUM_MIX_GM@8_18","DURUM_MIX_GM","8_18",43.6172222,3.855,"2018",1,"Triticum turgidum ssp. durum",1
"DURUM_MIX_GM@8_19","DURUM_MIX_GM","8_19",43.6172222,3.855,"2018",1,"Triticum turgidum ssp. durum",1
"DURUM_MIX_GM@8_2","DURUM_MIX_GM","8_2",43.6172222,3.855,"2018",1,"Triticum turgidum ssp. durum",1
"DURUM_MIX_GM@8_20","DURUM_MIX_GM","8_20",43.6172222,3.855,"2018",1,"Triticum turgidum ssp. durum",1
"DURUM_MIX_GM@8_21","DURUM_MIX_GM","8_21",43.6172222,3.855,"2018",1,"Triticum turgidum ssp. durum",1
"DURUM_MIX_GM@8_22","DURUM_MIX_GM","8_22",43.6172222,3.855,"2018",1,"Triticum turgidum ssp. durum",1
"DURUM_MIX_GM@8_23","DURUM_MIX_GM","8_23",43.6172222,3.855,"2018",1,"Triticum turgidum ssp. durum",1
"DURUM_MIX_GM@8_24","DURUM_MIX_GM","8_24",43.6172222,3.855,"2018",1,"Triticum turgidum ssp. durum",1
"DURUM_MIX_GM@8_25","DURUM_MIX_GM","8_25",43.6172222,3.855,"2018",1,"Triticum turgidum ssp. durum",1
"DURUM_MIX_GM@8_26","DURUM_MIX_GM","8_26",43.6172222,3.855,"2018",1,"Triticum turgidum ssp. durum",1
"DURUM_MIX_GM@8_27","DURUM_MIX_GM","8_27",43.6172222,3.855,"2018",1,"Triticum turgidum ssp. durum",1
"DURUM_MIX_GM@8_28","DURUM_MIX_GM","8_28",43.6172222,3.855,"2018",1,"Triticum turgidum ssp. durum",1
"DURUM_MIX_GM@8_29","DURUM_MIX_GM","8_29",43.6172222,3.855,"2018",1,"Triticum turgidum ssp. durum",1
"DURUM_MIX_GM@8_3","DURUM_MIX_GM","8_3",43.6172222,3.855,"2018",1,"Triticum turgidum ssp. durum",1
"DURUM_MIX_GM@8_30","DURUM_MIX_GM","8_30",43.6172222,3.855,"2018",1,"Triticum turgidum ssp. durum",1
"DURUM_MIX_GM@8_31","DURUM_MIX_GM","8_31",43.6172222,3.855,"2018",1,"Triticum turgidum ssp. durum",1
"DURUM_MIX_GM@8_32","DURUM_MIX_GM","8_32",43.6172222,3.855,"2018",1,"Triticum turgidum ssp. durum",1
"DURUM_MIX_GM@8_33","DURUM_MIX_GM","8_33",43.6172222,3.855,"2018",1,"Triticum turgidum ssp. durum",1
"DURUM_MIX_GM@8_34","DURUM_MIX_GM","8_34",43.6172222,3.855,"2018",1,"Triticum turgidum ssp. durum",1
"DURUM_MIX_GM@8_35","DURUM_MIX_GM","8_35",43.6172222,3.855,"2018",1,"Triticum turgidum ssp. durum",1
"DURUM_MIX_GM@8_36","DURUM_MIX_GM","8_36",43.6172222,3.855,"2018",1,"Triticum turgidum ssp. durum",1
"DURUM_MIX_GM@8_37","DURUM_MIX_GM","8_37",43.6172222,3.855,"2018",1,"Triticum turgidum ssp. durum",1
"DURUM_MIX_GM@8_38","DURUM_MIX_GM","8_38",43.6172222,3.855,"2018",1,"Triticum turgidum ssp. durum",1
"DURUM_MIX_GM@8_39","DURUM_MIX_GM","8_39",43.6172222,3.855,"2018",1,"Triticum turgidum ssp. durum",1
"DURUM_MIX_GM@8_40","DURUM_MIX_GM","8_40",43.6172222,3.855,"2018",1,"Triticum turgidum ssp. durum",1
"DURUM_MIX_GM@8_41","DURUM_MIX_GM","8_41",43.6172222,3.855,"2018",1,"Triticum turgidum ssp. durum",1
"DURUM_MIX_GM@8_6","DURUM_MIX_GM","8_6",43.6172222,3.855,"2018",1,"Triticum turgidum ssp. durum",1
"DURUM_MIX_GM@8_7","DURUM_MIX_GM","8_7",43.6172222,3.855,"2018",1,"Triticum turgidum ssp. durum",1
"DURUM_MIX_GM@9_11","DURUM_MIX_GM","9_11",43.6172222,3.855,"2018",1,"Triticum turgidum ssp. durum",1
"DURUM_MIX_GM@9_12","DURUM_MIX_GM","9_12",43.6172222,3.855,"2018",1,"Triticum turgidum ssp. durum",1
"DURUM_MIX_GM@9_13","DURUM_MIX_GM","9_13",43.6172222,3.855,"2018",1,"Triticum turgidum ssp. durum",1
"DURUM_MIX_GM@9_18","DURUM_MIX_GM","9_18",43.6172222,3.855,"2018",1,"Triticum turgidum ssp. durum",1
"DURUM_MIX_GM@9_20","DURUM_MIX_GM","9_20",43.6172222,3.855,"2018",1,"Triticum turgidum ssp. durum",1
"DURUM_MIX_GM@9_22","DURUM_MIX_GM","9_22",43.6172222,3.855,"2018",1,"Triticum turgidum ssp. durum",1
"DURUM_MIX_GM@9_23","DURUM_MIX_GM","9_23",43.6172222,3.855,"2018",1,"Triticum turgidum ssp. durum",1
"DURUM_MIX_GM@9_25","DURUM_MIX_GM","9_25",43.6172222,3.855,"2018",1,"Triticum turgidum ssp. durum",1
"DURUM_MIX_GM@9_26","DURUM_MIX_GM","9_26",43.6172222,3.855,"2018",1,"Triticum turgidum ssp. durum",1
"DURUM_MIX_GM@9_3","DURUM_MIX_GM","9_3",43.6172222,3.855,"2018",1,"Triticum turgidum ssp. durum",1
"DURUM_MIX_GM@9_30","DURUM_MIX_GM","9_30",43.6172222,3.855,"2018",1,"Triticum turgidum ssp. durum",1
"DURUM_MIX_GM@9_32","DURUM_MIX_GM","9_32",43.6172222,3.855,"2018",1,"Triticum turgidum ssp. durum",1
"DURUM_MIX_GM@9_33","DURUM_MIX_GM","9_33",43.6172222,3.855,"2018",1,"Triticum turgidum ssp. durum",1
"DURUM_MIX_GM@9_34","DURUM_MIX_GM","9_34",43.6172222,3.855,"2018",1,"Triticum turgidum ssp. durum",1
"DURUM_MIX_GM@9_37","DURUM_MIX_GM","9_37",43.6172222,3.855,"2018",1,"Triticum turgidum ssp. durum",1
"DURUM_MIX_GM@9_38","DURUM_MIX_GM","9_38",43.6172222,3.855,"2018",1,"Triticum turgidum ssp. durum",1
"DURUM_MIX_GM@9_40","DURUM_MIX_GM","9_40",43.6172222,3.855,"2018",1,"Triticum turgidum ssp. durum",1
"DURUM_MIX_GM@9_41","DURUM_MIX_GM","9_41",43.6172222,3.855,"2018",1,"Triticum turgidum ssp. durum",1
"DURUM_MIX_GM@9_5","DURUM_MIX_GM","9_5",43.6172222,3.855,"2018",1,"Triticum turgidum ssp. durum",1
"EXCLU_BVD@194","EXCLU_BVD","194",43.8260085,4.901043311,"2023",1,"malus domestica",1
"EXCLU_BVD@205","EXCLU_BVD","205",43.79905517,4.891623624,"2023",1,"malus domestica",1
"EXCLU_BVD@232","EXCLU_BVD","232",43.84031143,4.823722686,"2023",1,"malus domestica",1
"EXCLU_BVD@236","EXCLU_BVD","236",43.77520772,5.055454849,"2021; 2023",2,"malus domestica",1
"EXCLU_BVD@237","EXCLU_BVD","237",43.76882525,5.078346682,"2022",1,"malus domestica",1
"EXCLU_BVD@238","EXCLU_BVD","238",43.85034943,4.91322592,"2021; 2022; 2023",3,"malus domestica",1
"EXCLU_BVD@239","EXCLU_BVD","239",43.90069397,4.994740516,"2021; 2022; 2023",3,"malus domestica",1
"EXCLU_BVD@240","EXCLU_BVD","240",43.89757265,4.98972298,"2021; 2022; 2023",3,"malus domestica",1
"EXCLU_BVD@241","EXCLU_BVD","241",43.80539967,4.937583165,"2021",1,"malus domestica",1
"EXCLU_BVD@242","EXCLU_BVD","242",43.80276449,4.93203837,"2021; 2022; 2023",3,"malus domestica",1
"EXCLU_BVD@244","EXCLU_BVD","244",43.89483304,5.033630994,"2021; 2022; 2023",3,"malus domestica",1
"EXCLU_BVD@272","EXCLU_BVD","272",43.79055738,5.085044259,"2022",1,"malus domestica",1
"EXCLU_BVD@273","EXCLU_BVD","273",43.77749502,5.053877925,"2022",1,"malus domestica",1
"EXCLU_BVD@275","EXCLU_BVD","275",43.81662742,5.025580197,"2022",1,"malus domestica",1
"EXCLU_BVD@276","EXCLU_BVD","276",43.87508115,5.024789879,"2022; 2023",2,"malus domestica",1
"EXCLU_BVD@286","EXCLU_BVD","286",43.89551426,4.772522502,"2023",1,"malus domestica",1
"EXCLU_BVD@293","EXCLU_BVD","293",43.82364666,4.81665681,"2022; 2023",2,"malus domestica",1
"EXCLU_BVD@296","EXCLU_BVD","296",43.90813564,5.041986423,"2022",1,"malus domestica",1
"EXCLU_BVD@302","EXCLU_BVD","302",43.77851853,5.060190908,"2023",1,"malus domestica",1
"EXCLU_BVD@303","EXCLU_BVD","303",43.82502568,4.977345616,"2023",1,"malus domestica",1
"EXCLU_BVD@306","EXCLU_BVD","306",43.86085393,5.003684927,"2023",1,"malus domestica",1
"EXCLU_BVD@308","EXCLU_BVD","308",43.89463924,5.077488642,"2023",1,"malus domestica",1
"lepibats@M01","lepibats","M01",44.52071,-0.06639604,"2021",1,"zea_mays",1
"lepibats@M02","lepibats","M02",44.4969,-0.04038907,"2021",1,"zea_mays",1
"lepibats@M03","lepibats","M03",44.56266,-0.20910194,"2021",1,"zea_mays",1
"lepibats@M04","lepibats","M04",44.56821,-0.10991934,"2021",1,"zea_mays",1
"lepibats@M05","lepibats","M05",44.44688,0.11899252,"2021",1,"zea_mays",1
"lepibats@M06","lepibats","M06",44.43205,0.12111746,"2021",1,"zea_mays",1
"lepibats@M07","lepibats","M07",44.49137,0.10969904,"2021",1,"zea_mays",1
"lepibats@M08","lepibats","M08",44.44275,0.16456158,"2021",1,"zea_mays",1
"lepibats@M09","lepibats","M09",44.53029,-0.00735906,"2021",1,"zea_mays",1
"lepibats@M10","lepibats","M10",44.57472,-0.03485597,"2021",1,"zea_mays",1
"lepibats@Tri01M","lepibats","Tri01M",44.57052,-0.27679897,"2021",1,"zea_mays",1
"lepibats@Tri01V","lepibats","Tri01V",44.56773,-0.28630003,"2021",1,"vitis_vinifera",1
"lepibats@Tri02M","lepibats","Tri02M",44.5475,-0.19474134,"2021",1,"zea_mays",1
"lepibats@Tri02V","lepibats","Tri02V",44.5481,-0.19312604,"2021",1,"vitis_vinifera",1
"lepibats@Tri03M","lepibats","Tri03M",44.54076,-0.16525222,"2021",1,"zea_mays",1
"lepibats@Tri03V","lepibats","Tri03V",44.54154,-0.16542696,"2021",1,"vitis_vinifera",1
"lepibats@Tri04M","lepibats","Tri04M",44.51545,-0.22234099,"2021",1,"zea_mays",1
"lepibats@Tri04V","lepibats","Tri04V",44.51517,-0.21844201,"2021",1,"vitis_vinifera",1
"lepibats@Tri05V","lepibats","Tri05V",44.5219,-0.20848396,"2021",1,"vitis_vinifera",1
"lepibats@Tri06M","lepibats","Tri06M",44.50372,-0.17656996,"2021",1,"zea_mays",1
"lepibats@Tri06V","lepibats","Tri06V",44.50391,-0.17591993,"2021",1,"vitis_vinifera",1
"lepibats@Tri07M","lepibats","Tri07M",44.45696,-0.04154906,"2021",1,"zea_mays",1
"lepibats@Tri07V","lepibats","Tri07V",44.45949,-0.03984102,"2021",1,"vitis_vinifera",1
"lepibats@V01","lepibats","V01",44.62381,-0.17476992,"2021",1,"vitis_vinifera",1
"lepibats@V02","lepibats","V02",44.61484,-0.12715009,"2021",1,"vitis_vinifera",1
"lepibats@V03","lepibats","V03",44.58952,-0.169366,"2021",1,"vitis_vinifera",1
"lepibats@V04","lepibats","V04",44.57858,-0.3858971,"2021",1,"vitis_vinifera",1
"lepibats@V05","lepibats","V05",44.58261,-0.20764109,"2021",1,"vitis_vinifera",1
"lepibats@V06","lepibats","V06",44.54853,-0.35078103,"2021",1,"vitis_vinifera",1
"lepibats@V07","lepibats","V07",44.53042,-0.34850103,"2021",1,"vitis_vinifera",1
"lepibats@V08","lepibats","V08",44.52903,-0.33116793,"2021",1,"vitis_vinifera",1
"lepibats@V09","lepibats","V09",44.5713,-0.29093395,"2021",1,"vitis_vinifera",1
"lepibats@V10","lepibats","V10",44.53735,-0.33500797,"2021",1,"vitis_vinifera",1
"muesli@1_1","muesli","1_1",43.2776459798955,0.897531049973428,"2016",1,"wheat",1
"muesli@105CER03","muesli","105CER03",43.2463309831776,0.857183987156324,"2016",1,"triticale",1
"muesli@11_2","muesli","11_2",43.3441170158365,1.01237096225149,"2016",1,"cereal",1
"muesli@1230COL","muesli","1230COL",43.2881749658922,0.927795989838666,"2016",1,"barley",1
"muesli@1234CER","muesli","1234CER",43.2811209983533,0.828509926309204,"2016",1,"durum_wheat",1
"muesli@1235CER","muesli","1235CER",43.2835709755872,0.84396100271604,"2016",1,"durum_wheat",1
"muesli@13_2","muesli","13_2",43.2478799652108,1.00287606410239,"2016",1,"durum_wheat",1
"muesli@14_3","muesli","14_3",43.2662980055449,1.02108506630595,"2016",1,"durum_wheat",1
"muesli@14LEGE","muesli","14LEGE",43.2690440693839,0.881987963801085,"2016",1,"durum_wheat",1
"muesli@19_3","muesli","19_3",43.3013769727503,0.92449294845823,"2016",1,"barley",1
"muesli@2_1","muesli","2_1",43.2992470083252,1.01225996464215,"2016",1,"durum_wheat",1
"muesli@5_1","muesli","5_1",43.2507740032436,0.95382207367116,"2016",1,"durum_wheat",1
"muesli@6_2","muesli","6_2",43.2509670042942,0.917856060312592,"2016",1,"durum_wheat",1
"muesli@7_1","muesli","7_1",43.2826009808194,0.934646988971922,"2016",1,"durum_wheat",1
"muesli@9_1","muesli","9_1",43.2544659429375,0.818964031629134,"2016",1,"durum_wheat",1
"muesli@T01_1","muesli","T01_1",43.2883400494328,0.959973972246979,"2016",1,"durum_wheat",1
"muesli@T01_3","muesli","T01_3",43.2951789928569,0.962153943248678,"2016",1,"durum_wheat",1
"muesli@T01_5","muesli","T01_5",43.2872209925829,0.96867799379741,"2016",1,"durum_wheat",1
"muesli@T02","muesli","T02",43.3118080215933,1.05629803139277,"2016",1,"triticale",1
"muesli@T03_1","muesli","T03_1",43.302929964138,1.0777590633387,"2016",1,"bread_wheat",1
"muesli@T04_1","muesli","T04_1",43.323670978257,1.0169839739937,"2016",1,"barley",1
"muesli@T05","muesli","T05",43.3259270034258,0.931459994966509,"2016",1,"bread_wheat",1
"muesli@T06","muesli","T06",43.331561967645,1.00911998900617,"2016",1,"durum_wheat",1
"muesli@T07","muesli","T07",43.3414689871297,0.928945064607546,"2016",1,"durum_wheat",1
"muesli@T09","muesli","T09",43.361010024682,1.01500104269014,"2016",1,"durum_wheat",1
"muesli@T11","muesli","T11",43.3434370487149,0.905937911895728,"2016",1,"durum_wheat",1
"muesli@T12","muesli","T12",43.3713564580006,1.02283990962815,"2016",1,"bread_wheat",1
"muesli@T19","muesli","T19",43.2900370038635,0.877223022891707,"2016",1,"cereal",1
"muesli@T20_1","muesli","T20_1",43.2899660191923,0.899102039458656,"2016",1,"bread_wheat",1
"OSCAR@03_2020_00001","OSCAR","03_2020_00001",46.327680919593,3.2258444916445,"2022; 2024",2,"Disease resistant Grapevine",1
"OSCAR@03_2020_00002","OSCAR","03_2020_00002",46.32769870016,3.2260811770563,"2022; 2024",2,"Disease resistant Grapevine",1
"OSCAR@07_2018_00004","OSCAR","07_2018_00004",44.477030424614,4.3724141266673,"2019; 2022",2,"Disease resistant Grapevine",1
"OSCAR@07_2018_00005","OSCAR","07_2018_00005",44.418023064747,4.3630082198794,"2020",1,"Disease resistant Grapevine",1
"OSCAR@07_2018_00006","OSCAR","07_2018_00006",44.508316247606,4.4106067830324,"2020",1,"Disease resistant Grapevine",1
"OSCAR@07_2018_00007","OSCAR","07_2018_00007",44.401136296828,4.2928029487751,"2022",1,"Disease resistant Grapevine",1
"OSCAR@07_2018_00008","OSCAR","07_2018_00008",44.401213350892,4.292688758908,"2022",1,"Disease resistant Grapevine",1
"OSCAR@07_2019_00002","OSCAR","07_2019_00002",44.579443159863,4.3893196636022,"2021; 2022",2,"Disease resistant Grapevine",1
"OSCAR@11_2011_00001","OSCAR","11_2011_00001",43.180757840457,2.372763958602,"2024",1,"Disease resistant Grapevine",1
"OSCAR@11_2011_00002","OSCAR","11_2011_00002",43.180753653415,2.3727919377644,"2024",1,"Disease resistant Grapevine",1
"OSCAR@11_2011_00003","OSCAR","11_2011_00003",43.180744713501,2.3728471882463,"2024",1,"Disease resistant Grapevine",1
"OSCAR@11_2012_00001","OSCAR","11_2012_00001",43.157189117391,3.1172782783681,"2019; 2020; 2021; 2022; 2023; 2024",6,"Disease resistant Grapevine",1
"OSCAR@11_2012_00002","OSCAR","11_2012_00002",43.157169831551,3.1172729214725,"2019; 2020; 2021; 2022; 2023; 2024",6,"Disease resistant Grapevine",1
"OSCAR@11_2013_00001","OSCAR","11_2013_00001",42.995380981209,2.2084382329565,"2018; 2019; 2021; 2022",4,"Disease resistant Grapevine",1
"OSCAR@11_2013_00002","OSCAR","11_2013_00002",42.99830525052,2.2041294516126,"2018; 2019; 2021; 2022",4,"Disease resistant Grapevine",1
"OSCAR@11_2015_00001","OSCAR","11_2015_00001",43.1552073711,3.1124787300623,"2018; 2019; 2020; 2021; 2022; 2023; 2024",7,"Disease resistant Grapevine",1
"OSCAR@11_2015_00002","OSCAR","11_2015_00002",43.156464542163,3.1157193984767,"2019; 2020; 2021; 2022; 2023; 2024",6,"Disease resistant Grapevine",1
"OSCAR@11_2015_00003","OSCAR","11_2015_00003",43.154411395602,3.1109761102078,"2021; 2022; 2023; 2024",4,"Disease resistant Grapevine",1
"OSCAR@11_2015_00004","OSCAR","11_2015_00004",43.154942770792,3.1131853232528,"2020; 2021; 2022; 2023; 2024",5,"Disease resistant Grapevine",1
"OSCAR@11_2015_00005","OSCAR","11_2015_00005",43.110865323465,2.104995197257,"2019",1,"Disease resistant Grapevine",1
"OSCAR@11_2016_00001","OSCAR","11_2016_00001",43.110906090776,2.1044127532178,"2019; 2020; 2021; 2022; 2023",5,"Disease resistant Grapevine",1
"OSCAR@11_2018_00001","OSCAR","11_2018_00001",43.237141013456,2.6266172689134,"2022",1,"Disease resistant Grapevine",1
"OSCAR@11_2018_00002","OSCAR","11_2018_00002",43.224472903086,2.6412810502547,"2022; 2023; 2024",3,"Disease resistant Grapevine",1
"OSCAR@11_2019_00001","OSCAR","11_2019_00001",43.235756723961,2.7881704562197,"2022; 2024",2,"Disease resistant Grapevine",1
"OSCAR@11_2019_00003","OSCAR","11_2019_00003",43.236350440535,3.1322563617201,"2023; 2024",2,"Disease resistant Grapevine",1
"OSCAR@11_2019_00004","OSCAR","11_2019_00004",43.211080714164,2.466534650329,"2023; 2024",2,"Disease resistant Grapevine",1
"OSCAR@11_2020_00001","OSCAR","11_2020_00001",43.210686239064,2.4662794870109,"2022; 2023; 2024",3,"Disease resistant Grapevine",1
"OSCAR@11_2020_00003","OSCAR","11_2020_00003",43.113633061716,2.0963806264566,"2023",1,"Disease resistant Grapevine",1
"OSCAR@11_2021_00001","OSCAR","11_2021_00001",43.233497366616,2.7666541283168,"2024",1,"Disease resistant Grapevine",1
"OSCAR@11_2021_00002","OSCAR","11_2021_00002",43.238667894898,2.7594952863986,"2024",1,"Disease resistant Grapevine",1
"OSCAR@11_2021_00003","OSCAR","11_2021_00003",42.929126334129,3.0017114846049,"2024",1,"Disease resistant Grapevine",1
"OSCAR@11_2022_00001","OSCAR","11_2022_00001",43.232489237873,3.0990183287036,"2023; 2024",2,"Disease resistant Grapevine",1
"OSCAR@11_2022_00002","OSCAR","11_2022_00002",43.232154557986,3.098446662149,"2023; 2024",2,"Disease resistant Grapevine",1
"OSCAR@11_2023_00001","OSCAR","11_2023_00001",43.189040935586,2.7947071613414,"2023; 2024",2,"Disease resistant Grapevine",1
"OSCAR@11_2023_00002","OSCAR","11_2023_00002",43.189812623334,2.7949720300664,"2024",1,"Disease resistant Grapevine",1
"OSCAR@11_2023_00003","OSCAR","11_2023_00003",42.929423744167,3.0018836636988,"2023",1,"Disease resistant Grapevine",1
"OSCAR@11_2023_00004","OSCAR","11_2023_00004",43.202041433634,2.9673636827567,"2023",1,"Disease resistant Grapevine",1
"OSCAR@11_2023_00005","OSCAR","11_2023_00005",43.022959807568,2.7757384437224,"2023",1,"Disease resistant Grapevine",1
"OSCAR@11_2023_00006","OSCAR","11_2023_00006",43.242207058512,2.774081227376,"2023; 2024",2,"Disease resistant Grapevine",1
"OSCAR@11_2023_00007","OSCAR","11_2023_00007",43.242317485895,2.7741630153818,"2023; 2024",2,"Disease resistant Grapevine",1
"OSCAR@11_2023_00008","OSCAR","11_2023_00008",43.209655917998,2.7645264831248,"2023; 2024",2,"Disease resistant Grapevine",1
"OSCAR@11_2024_00001","OSCAR","11_2024_00001",43.204159533634,3.1225667614205,"2024",1,"Disease resistant Grapevine",1
"OSCAR@11_2024_00002","OSCAR","11_2024_00002",43.235686093181,3.0811069095134,"2024",1,"Disease resistant Grapevine",1
"OSCAR@13_2016_00001","OSCAR","13_2016_00001",43.506137012925,4.7543923441331,"2018; 2019; 2020; 2022",4,"Disease resistant Grapevine",1
"OSCAR@13_2016_00002","OSCAR","13_2016_00002",43.506066938998,4.7540090448849,"2018; 2019; 2020; 2021; 2022",5,"Disease resistant Grapevine",1
"OSCAR@16_2018_00001","OSCAR","16_2018_00001",45.611930528704,-0.15759711135263,"2020; 2021; 2022; 2023; 2024",5,"Disease resistant Grapevine",1
"OSCAR@16_2018_00002","OSCAR","16_2018_00002",45.600716215811,-0.16991976317354,"2020; 2021; 2022; 2023; 2024",5,"Disease resistant Grapevine",1
"OSCAR@16_2018_00003","OSCAR","16_2018_00003",45.805669595335,-0.052583330169,"2020; 2021",2,"Disease resistant Grapevine",1
"OSCAR@16_2019_00001","OSCAR","16_2019_00001",45.690337774997,-0.3581141887131,"2021; 2022; 2023; 2024",4,"Disease resistant Grapevine",1
"OSCAR@16_2019_00002","OSCAR","16_2019_00002",45.694162958589,-0.13861064898784,"2021",1,"Disease resistant Grapevine",1
"OSCAR@24_2014_00001","OSCAR","24_2014_00001",44.801452173185,0.29148482950018,"2018; 2019; 2021; 2023; 2024",5,"Disease resistant Grapevine",1
"OSCAR@24_2014_00002","OSCAR","24_2014_00002",44.800641158072,0.29143212168195,"2018; 2019; 2021; 2023; 2024",5,"Disease resistant Grapevine",1
"OSCAR@24_2017_00008","OSCAR","24_2017_00008",44.786211566997,0.40013322572647,"2022; 2023; 2024",3,"Disease resistant Grapevine",1
"OSCAR@24_2018_00001","OSCAR","24_2018_00001",44.828223769697,0.34894872200789,"2021; 2023",2,"Disease resistant Grapevine",1
"OSCAR@24_2018_00002","OSCAR","24_2018_00002",44.827915662775,0.3495502593546,"2021; 2023",2,"Disease resistant Grapevine",1
"OSCAR@24_2018_00003","OSCAR","24_2018_00003",44.827375483178,0.35047648200725,"2021; 2023",2,"Disease resistant Grapevine",1
"OSCAR@24_2018_00004","OSCAR","24_2018_00004",44.825862915343,0.35268506183616,"2021; 2023",2,"Disease resistant Grapevine",1
"OSCAR@24_2018_00005","OSCAR","24_2018_00005",44.829394763674,0.34725971231714,"2021; 2023",2,"Disease resistant Grapevine",1
"OSCAR@24_2018_00006","OSCAR","24_2018_00006",44.829460456219,0.34701937260459,"2021; 2023",2,"Disease resistant Grapevine",1
"OSCAR@24_2018_00007","OSCAR","24_2018_00007",44.829568321699,0.34659560833825,"2021; 2023",2,"Disease resistant Grapevine",1
"OSCAR@24_2018_00008","OSCAR","24_2018_00008",44.786534113211,0.40125963113196,"2022; 2023; 2024",3,"Disease resistant Grapevine",1
"OSCAR@24_2019_00001","OSCAR","24_2019_00001",44.792898934531,0.40363719516145,"2022; 2023; 2024",3,"Disease resistant Grapevine",1
"OSCAR@24_2021_00001","OSCAR","24_2021_00001",44.697469474644,0.4795905570707,"2023",1,"Disease resistant Grapevine",1
"OSCAR@24_2021_00002","OSCAR","24_2021_00002",44.697206509981,0.47955953334995,"2023",1,"Disease resistant Grapevine",1
"OSCAR@24_2021_00003","OSCAR","24_2021_00003",44.697553348198,0.47948830995006,"2023",1,"Disease resistant Grapevine",1
"OSCAR@24_2021_00004","OSCAR","24_2021_00004",44.697784285508,0.47965437116847,"2023",1,"Disease resistant Grapevine",1
"OSCAR@26_2016_00002","OSCAR","26_2016_00002",44.605330529685,4.8376837778706,"2019; 2021; 2022",3,"Disease resistant Grapevine",1
"OSCAR@26_2017_00001","OSCAR","26_2017_00001",44.605080464217,4.8374456657736,"2019; 2021; 2022",3,"Disease resistant Grapevine",1
"OSCAR@26_2017_00002","OSCAR","26_2017_00002",44.605103093369,4.8372673403233,"2019; 2021; 2022",3,"Disease resistant Grapevine",1
"OSCAR@26_2018_00001","OSCAR","26_2018_00001",44.233533307341,5.1781995827676,"2021; 2022",2,"Disease resistant Grapevine",1
"OSCAR@26_2018_00002","OSCAR","26_2018_00002",44.233525668384,5.1781884567432,"2021; 2022",2,"Disease resistant Grapevine",1
"OSCAR@26_2018_00003","OSCAR","26_2018_00003",44.233531262221,5.1781940447664,"2021; 2022",2,"Disease resistant Grapevine",1
"OSCAR@26_2018_00004","OSCAR","26_2018_00004",44.233538758417,5.1781948711185,"2021; 2022",2,"Disease resistant Grapevine",1
"OSCAR@26_2019_00001","OSCAR","26_2019_00001",45.100681374656,5.1155153535009,"2021; 2022",2,"Disease resistant Grapevine",1
"OSCAR@26_2019_00002","OSCAR","26_2019_00002",45.100684692872,5.1158281068153,"2021; 2022",2,"Disease resistant Grapevine",1
"OSCAR@26_2020_00001","OSCAR","26_2020_00001",44.286812230532,4.8998066413525,"2022",1,"Disease resistant Grapevine",1
"OSCAR@26_2020_00002","OSCAR","26_2020_00002",44.294075435133,4.9051883361052,"2022",1,"Disease resistant Grapevine",1
"OSCAR@26_2020_00003","OSCAR","26_2020_00003",44.294047188344,4.9052965953786,"2022",1,"Disease resistant Grapevine",1
"OSCAR@26_2021_00002","OSCAR","26_2021_00002",44.242642499767,5.215657023334,"2023",1,"Disease resistant Grapevine",1
"OSCAR@26_2021_00003","OSCAR","26_2021_00003",44.242586632552,5.2156850127802,"2023",1,"Disease resistant Grapevine",1
"OSCAR@26_2021_00004","OSCAR","26_2021_00004",44.24242517092,5.215461012244,"2023",1,"Disease resistant Grapevine",1
"OSCAR@26_2021_00005","OSCAR","26_2021_00005",44.242310867071,5.2154842105386,"2024",1,"Disease resistant Grapevine",1
"OSCAR@30_2016_00001","OSCAR","30_2016_00001",43.827955839944,4.4503326039658,"2018",1,"Disease resistant Grapevine",1
"OSCAR@30_2016_00002","OSCAR","30_2016_00002",43.827843412167,4.4501443008207,"2018; 2024",2,"Disease resistant Grapevine",1
"OSCAR@30_2018_00001","OSCAR","30_2018_00001",43.894139896819,4.4656922356686,"2020; 2021; 2022; 2023; 2024",5,"Disease resistant Grapevine",1
"OSCAR@30_2018_00002","OSCAR","30_2018_00002",43.989053558047,4.1304869696821,"2020; 2021; 2022; 2023; 2024",5,"Disease resistant Grapevine",1
"OSCAR@30_2018_00003","OSCAR","30_2018_00003",43.738597451684,4.2511173606994,"2020; 2021; 2022; 2023; 2024",5,"Disease resistant Grapevine",1
"OSCAR@30_2018_00004","OSCAR","30_2018_00004",43.92076663889,4.5210071353062,"2020; 2021; 2022; 2023; 2024",5,"Disease resistant Grapevine",1
"OSCAR@30_2018_00005","OSCAR","30_2018_00005",43.925392501543,4.6418567115405,"2020; 2022; 2023; 2024",4,"Disease resistant Grapevine",1
"OSCAR@30_2018_00006","OSCAR","30_2018_00006",43.764617934707,4.5803320077861,"2020; 2022; 2023; 2024",4,"Disease resistant Grapevine",1
"OSCAR@30_2018_00007","OSCAR","30_2018_00007",44.010313386667,4.1060202338658,"2020; 2021; 2022; 2023; 2024",5,"Disease resistant Grapevine",1
"OSCAR@30_2018_00008","OSCAR","30_2018_00008",43.904287865468,4.4990876991792,"2020; 2022; 2023; 2024",4,"Disease resistant Grapevine",1
"OSCAR@30_2019_00003","OSCAR","30_2019_00003",44.06337892639,4.0464051875884,"2021; 2022; 2023; 2024",4,"Disease resistant Grapevine",1
"OSCAR@30_2019_00004","OSCAR","30_2019_00004",44.25924994101,4.2117688675526,"2021; 2022; 2023; 2024",4,"Disease resistant Grapevine",1
"OSCAR@30_2020_00001","OSCAR","30_2020_00001",44.063874215697,4.0463625383991,"2021; 2022; 2023; 2024",4,"Disease resistant Grapevine",1
"OSCAR@30_2023_00001","OSCAR","30_2023_00001",43.514719401223,4.2533159053903,"2024",1,"Disease resistant Grapevine",1
"OSCAR@30_2023_00003","OSCAR","30_2023_00003",43.514269781553,4.2537912429249,"2024",1,"Disease resistant Grapevine",1
"OSCAR@30_2023_00004","OSCAR","30_2023_00004",43.514726127989,4.2533671336193,"2024",1,"Disease resistant Grapevine",1
"OSCAR@31_2019_00001","OSCAR","31_2019_00001",43.842900872932,1.3610526861952,"2021; 2022; 2024",3,"Disease resistant Grapevine",1
"OSCAR@32_2015_00001","OSCAR","32_2015_00001",43.940072858921,0.44882055647134,"2018; 2020; 2021; 2022; 2023",5,"Disease resistant Grapevine",1
"OSCAR@32_2015_00002","OSCAR","32_2015_00002",43.939908691147,0.44873129907907,"2018; 2020; 2021; 2022; 2023",5,"Disease resistant Grapevine",1
"OSCAR@32_2018_00001","OSCAR","32_2018_00001",43.820575257086,0.18112622582168,"2020",1,"Disease resistant Grapevine",1
"OSCAR@32_2018_00002","OSCAR","32_2018_00002",43.82068725104,0.1812050581342,"2020",1,"Disease resistant Grapevine",1
"OSCAR@32_2018_00003","OSCAR","32_2018_00003",43.818731314623,0.19368660755424,"2020",1,"Disease resistant Grapevine",1
"OSCAR@33_2011_00002","OSCAR","33_2011_00002",44.792312649782,-0.5767817114322,"2018; 2019; 2020; 2022; 2023; 2024",6,"Disease resistant Grapevine",1
"OSCAR@33_2014_00002","OSCAR","33_2014_00002",44.752234673468,-0.20410688881191,"2018; 2019; 2020; 2021; 2022; 2024",6,"Disease resistant Grapevine",1
"OSCAR@33_2014_00003","OSCAR","33_2014_00003",44.744791868194,-0.21366082333626,"2018; 2019; 2021; 2022; 2023",5,"Disease resistant Grapevine",1
"OSCAR@33_2017_00002","OSCAR","33_2017_00002",44.787082662761,-0.57796191660688,"2019; 2021; 2022; 2023; 2024",5,"Disease resistant Grapevine",1
"OSCAR@33_2018_00002","OSCAR","33_2018_00002",44.534301162689,-0.16203922473485,"2019; 2020; 2022; 2023",4,"Disease resistant Grapevine",1
"OSCAR@33_2018_00003","OSCAR","33_2018_00003",44.532896565608,-0.16321179267172,"2019; 2020; 2022; 2023",4,"Disease resistant Grapevine",1
"OSCAR@33_2018_00004","OSCAR","33_2018_00004",45.116089356621,-0.44653118137732,"2019; 2020; 2021; 2023; 2024",5,"Disease resistant Grapevine",1
"OSCAR@33_2018_00005","OSCAR","33_2018_00005",45.011464238203,-0.35166528248374,"2019; 2020; 2021; 2023; 2024",5,"Disease resistant Grapevine",1
"OSCAR@33_2018_00006","OSCAR","33_2018_00006",45.036462077589,-0.33728367596791,"2019; 2020; 2021; 2023; 2024",5,"Disease resistant Grapevine",1
"OSCAR@33_2020_00002","OSCAR","33_2020_00002",44.610480033935,-0.22996297189309,"2021; 2022; 2023; 2024",4,"Disease resistant Grapevine",1
"OSCAR@33_2020_00003","OSCAR","33_2020_00003",44.816347788857,-0.12383982270868,"2022; 2023; 2024",3,"Disease resistant Grapevine",1
"OSCAR@33_2020_00004","OSCAR","33_2020_00004",44.816354059538,-0.12380986742411,"2022; 2024",2,"Disease resistant Grapevine",1
"OSCAR@33_2020_00005","OSCAR","33_2020_00005",44.816338123432,-0.12379218150012,"2023; 2024",2,"Disease resistant Grapevine",1
"OSCAR@33_2020_00006","OSCAR","33_2020_00006",44.816314573933,-0.12379218150012,"2023; 2024",2,"Disease resistant Grapevine",1
"OSCAR@33_2021_00001","OSCAR","33_2021_00001",44.61032430451,-0.22910774263303,"2021; 2022",2,"Disease resistant Grapevine",1
"OSCAR@33_2021_00002","OSCAR","33_2021_00002",44.598967866933,-0.19497430783098,"2021; 2022; 2023; 2024",4,"Disease resistant Grapevine",1
"OSCAR@33_2021_00003","OSCAR","33_2021_00003",44.598552506904,-0.19337457943726,"2021; 2022; 2023; 2024",4,"Disease resistant Grapevine",1
"OSCAR@33_2022_00001","OSCAR","33_2022_00001",44.535037328299,-0.3462634214586,"2024",1,"Disease resistant Grapevine",1
"OSCAR@33_2022_00002","OSCAR","33_2022_00002",44.535685902694,-0.34610115382578,"2024",1,"Disease resistant Grapevine",1
"OSCAR@33_2022_00003","OSCAR","33_2022_00003",44.535307394489,-0.34565870906118,"2024",1,"Disease resistant Grapevine",1
"OSCAR@33_2022_00004","OSCAR","33_2022_00004",44.613414856607,-0.2422289094858,"2023; 2024",2,"Disease resistant Grapevine",1
"OSCAR@34_2013_00001","OSCAR","34_2013_00001",43.387554875413,3.3147460004306,"2018; 2019; 2020; 2021; 2022",5,"Disease resistant Grapevine",1
"OSCAR@34_2013_00002","OSCAR","34_2013_00002",43.386791310748,3.316253105613,"2018; 2019; 2020; 2021; 2022",5,"Disease resistant Grapevine",1
"OSCAR@34_2013_00003","OSCAR","34_2013_00003",43.386955189752,3.3157061742173,"2018; 2019; 2020; 2021; 2022",5,"Disease resistant Grapevine",1
"OSCAR@34_2016_00001","OSCAR","34_2016_00001",43.354296839209,3.156458211495,"2018; 2019; 2020; 2021",4,"Disease resistant Grapevine",1
"OSCAR@34_2018_00001","OSCAR","34_2018_00001",43.354688339435,2.7393068175145,"2019; 2020; 2021",3,"Disease resistant Grapevine",1
"OSCAR@34_2018_00002","OSCAR","34_2018_00002",43.344493656362,2.7969808000896,"2019; 2020; 2021; 2022; 2023; 2024",6,"Disease resistant Grapevine",1
"OSCAR@34_2018_00003","OSCAR","34_2018_00003",43.344201619849,2.7989978793921,"2019; 2020; 2021; 2022; 2023; 2024",6,"Disease resistant Grapevine",1
"OSCAR@34_2018_00004","OSCAR","34_2018_00004",43.47952144167,3.2516907549419,"2019; 2020; 2021; 2022; 2023; 2024",6,"Disease resistant Grapevine",1
"OSCAR@34_2018_00005","OSCAR","34_2018_00005",43.478161693967,3.2535292869188,"2019; 2020; 2021; 2022; 2023; 2024",6,"Disease resistant Grapevine",1
"OSCAR@34_2018_00006","OSCAR","34_2018_00006",43.432336879477,3.2897535994612,"2019; 2020; 2021; 2022; 2023; 2024",6,"Disease resistant Grapevine",1
"OSCAR@34_2018_00007","OSCAR","34_2018_00007",43.539461034629,3.7704082575417,"2019; 2020; 2021; 2022; 2023; 2024",6,"Disease resistant Grapevine",1
"OSCAR@34_2018_00008","OSCAR","34_2018_00008",43.49486404658,3.2792506913669,"2019; 2020; 2021",3,"Disease resistant Grapevine",1
"OSCAR@34_2019_00004","OSCAR","34_2019_00004",43.319671774243,3.0685707396016,"2019; 2020; 2021; 2023; 2024",5,"Disease resistant Grapevine",1
"OSCAR@34_2019_00005","OSCAR","34_2019_00005",43.49486404658,3.2792506913669,"2022; 2023; 2024",3,"Disease resistant Grapevine",1
"OSCAR@34_2019_00006","OSCAR","34_2019_00006",43.531535367182,3.8670053309473,"2022",1,"Disease resistant Grapevine",1
"OSCAR@34_2019_00007","OSCAR","34_2019_00007",43.320260712175,3.0654182008284,"2023; 2024",2,"Disease resistant Grapevine",1
"OSCAR@34_2019_00008","OSCAR","34_2019_00008",43.590915401854,3.4946351800982,"2024",1,"Disease resistant Grapevine",1
"OSCAR@34_2019_00009","OSCAR","34_2019_00009",43.590916467624,3.4946596657013,"2024",1,"Disease resistant Grapevine",1
"OSCAR@34_2019_00010","OSCAR","34_2019_00010",43.590914867047,3.4946904044838,"2024",1,"Disease resistant Grapevine",1
"OSCAR@34_2019_00011","OSCAR","34_2019_00011",43.590917076952,3.494803653578,"2024",1,"Disease resistant Grapevine",1
"OSCAR@34_2019_00012","OSCAR","34_2019_00012",43.590916230808,3.494970496103,"2024",1,"Disease resistant Grapevine",1
"OSCAR@34_2019_00013","OSCAR","34_2019_00013",43.590918969679,3.494998213619,"2024",1,"Disease resistant Grapevine",1
"OSCAR@34_2020_00001","OSCAR","34_2020_00001",43.318934265973,3.0701465046725,"2022; 2023; 2024",3,"Disease resistant Grapevine",1
"OSCAR@34_2020_00002","OSCAR","34_2020_00002",43.493981638705,3.5037841587814,"2022; 2023; 2024",3,"Disease resistant Grapevine",1
"OSCAR@34_2020_00003","OSCAR","34_2020_00003",43.592629938713,3.4918670730083,"2022; 2023; 2024",3,"Disease resistant Grapevine",1
"OSCAR@34_2021_00001","OSCAR","34_2021_00001",43.593217547326,3.4910276428018,"2022; 2023; 2024",3,"Disease resistant Grapevine",1
"OSCAR@34_2022_00004","OSCAR","34_2022_00004",43.49394609901,3.1780725496581,"2024",1,"Disease resistant Grapevine",1
"OSCAR@34_2022_00005","OSCAR","34_2022_00005",43.507308258803,3.2100212669293,"2024",1,"Disease resistant Grapevine",1
"OSCAR@34_2022_00006","OSCAR","34_2022_00006",43.559621823134,3.212146037421,"2024",1,"Disease resistant Grapevine",1
"OSCAR@34_2023_00001","OSCAR","34_2023_00001",43.548766785308,3.1478161721491,"2024",1,"Disease resistant Grapevine",1
"OSCAR@34_2023_00002","OSCAR","34_2023_00002",43.522767237906,3.1797242518433,"2024",1,"Disease resistant Grapevine",1
"OSCAR@34_2023_00003","OSCAR","34_2023_00003",43.556620009583,3.1705096021926,"2024",1,"Disease resistant Grapevine",1
"OSCAR@34_2023_00004","OSCAR","34_2023_00004",43.312669071552,3.0970339181231,"2024",1,"Disease resistant Grapevine",1
"OSCAR@34_2024_00001","OSCAR","34_2024_00001",43.255667864661,3.1747968900401,"2024",1,"Disease resistant Grapevine",1
"OSCAR@34_2024_00002","OSCAR","34_2024_00002",43.312770540573,3.0968565935277,"2024",1,"Disease resistant Grapevine",1
"OSCAR@34_2024_00003","OSCAR","34_2024_00003",43.511402080437,3.4309376762382,"2024",1,"Disease resistant Grapevine",1
"OSCAR@41_2019_00001","OSCAR","41_2019_00001",47.340800246299,1.2909269433165,"2019; 2022",2,"Disease resistant Grapevine",1
"OSCAR@41_2019_00002","OSCAR","41_2019_00002",47.398504686211,1.3884259621658,"2022",1,"Disease resistant Grapevine",1
"OSCAR@44_2022_00002","OSCAR","44_2022_00002",47.222009099081,-1.3162742183894,"2024",1,"Disease resistant Grapevine",1
"OSCAR@44_2023_00001","OSCAR","44_2023_00001",47.161388823644,-1.2936740217094,"2024",1,"Disease resistant Grapevine",1
"OSCAR@44_2023_00002","OSCAR","44_2023_00002",47.127523294977,-1.3725549292236,"2024",1,"Disease resistant Grapevine",1
"OSCAR@47_2017_00001","OSCAR","47_2017_00001",44.682209580553,0.20262763607888,"2018; 2019; 2020; 2021; 2022; 2023",6,"Disease resistant Grapevine",1
"OSCAR@47_2018_00002","OSCAR","47_2018_00002",44.462994773299,0.068017610867855,"2019; 2021; 2023; 2024",4,"Disease resistant Grapevine",1
"OSCAR@47_2018_00003","OSCAR","47_2018_00003",44.681861586497,0.20244233408925,"2019; 2020; 2021; 2022; 2023",5,"Disease resistant Grapevine",1
"OSCAR@47_2019_00001","OSCAR","47_2019_00001",44.248934689644,0.31510291485318,"2022; 2024",2,"Disease resistant Grapevine",1
"OSCAR@47_2019_00002","OSCAR","47_2019_00002",44.249475643406,0.31520275533805,"2022; 2024",2,"Disease resistant Grapevine",1
"OSCAR@47_2019_00003","OSCAR","47_2019_00003",44.681513609513,0.19991912918355,"2021; 2022; 2023; 2024",4,"Disease resistant Grapevine",1
"OSCAR@47_2021_00001","OSCAR","47_2021_00001",44.697022598389,0.11121060539853,"2022; 2023",2,"Disease resistant Grapevine",1
"OSCAR@49_2019_00001","OSCAR","49_2019_00001",47.257527087318,-1.1896791706429,"2024",1,"Disease resistant Grapevine",1
"OSCAR@49_2021_00001","OSCAR","49_2021_00001",47.204005178596,-1.1524389166066,"2024",1,"Disease resistant Grapevine",1
"OSCAR@49_2022_00001","OSCAR","49_2022_00001",47.339333172845,-1.1728744755799,"2024",1,"Disease resistant Grapevine",1
"OSCAR@49_2022_00002","OSCAR","49_2022_00002",47.204385772395,-1.1527865750816,"2024",1,"Disease resistant Grapevine",1
"OSCAR@60_2019_00001","OSCAR","60_2019_00001",49.581302772153,3.0256923848701,"2022",1,"Disease resistant Grapevine",1
"OSCAR@66_2023_00001","OSCAR","66_2023_00001",42.688815527841,2.9808464571941,"2023; 2024",2,"Disease resistant Grapevine",1
"OSCAR@66_2023_00002","OSCAR","66_2023_00002",42.806622552,2.8412200832036,"2023; 2024",2,"Disease resistant Grapevine",1
"OSCAR@67_2018_00002","OSCAR","67_2018_00002",48.585141584513,7.4554111353471,"2021; 2022; 2023",3,"Disease resistant Grapevine",1
"OSCAR@67_2018_00003","OSCAR","67_2018_00003",48.58517606362,7.4554794914485,"2021; 2022; 2023",3,"Disease resistant Grapevine",1
"OSCAR@67_2018_00004","OSCAR","67_2018_00004",48.585174429832,7.4555890257096,"2021; 2022; 2023",3,"Disease resistant Grapevine",1
"OSCAR@67_2018_00005","OSCAR","67_2018_00005",48.585293443052,7.4555003749908,"2021; 2022; 2023",3,"Disease resistant Grapevine",1
"OSCAR@68_2014_00002","OSCAR","68_2014_00002",48.071576640915,7.2783122372045,"2018; 2019; 2020; 2021; 2022",5,"Disease resistant Grapevine",1
"OSCAR@68_2014_00003","OSCAR","68_2014_00003",48.071488438911,7.278174823286,"2018; 2019; 2020; 2021; 2022",5,"Disease resistant Grapevine",1
"OSCAR@68_2020_00001","OSCAR","68_2020_00001",48.096937444773,7.3471915630205,"2022; 2023",2,"Disease resistant Grapevine",1
"OSCAR@68_2020_00002","OSCAR","68_2020_00002",48.096621067108,7.3472402847703,"2022; 2023",2,"Disease resistant Grapevine",1
"OSCAR@82_2019_00001","OSCAR","82_2019_00001",43.88541315991,1.4286717503051,"2021; 2022; 2024",3,"Disease resistant Grapevine",1
"OSCAR@84_2019_00001","OSCAR","84_2019_00001",43.68990423391,5.575991687557,"2021; 2022; 2023; 2024",4,"; Disease resistant Grapevine",2
"OSCAR@84_2021_00001","OSCAR","84_2021_00001",43.706393404912,5.540643432614,"2022; 2023; 2024",3,"; Disease resistant Grapevine",2
"OSCAR@85_2018_00001","OSCAR","85_2018_00001",46.366899986089,-0.90006147893174,"2023",1,"Disease resistant Grapevine",1
"OSCAR@86_2015_00001","OSCAR","86_2015_00001",46.757955853757,0.4061051379108,"2023",1,"Disease resistant Grapevine",1
"OSCAR@86_2015_00002","OSCAR","86_2015_00002",46.75799490152,0.40650009318824,"2023",1,"Disease resistant Grapevine",1
"PestiRed@1.1","PestiRed","1.1",46.77129,6.85706,"2020; 2022; 2023",3,"ble; mas; org",3
"PestiRed@1.2","PestiRed","1.2",46.77652,6.86064,"2020; 2022; 2023",3,"ble; mas; org",3
"PestiRed@10.1","PestiRed","10.1",46.68427,6.6595,"2020; 2021; 2023",3,"bet; col; org",3
"PestiRed@10.2","PestiRed","10.2",46.68841,6.66403,"2020; 2021; 2023",3,"bet; col; org",3
"PestiRed@11.1","PestiRed","11.1",46.64268,6.72337,"2020; 2022; 2023",3,"ble; mas; org",3
"PestiRed@11.2","PestiRed","11.2",46.63318,6.71342,"2020; 2022; 2023",3,"ble; mas; org",3
"PestiRed@12.1","PestiRed","12.1",46.6780981,6.7379997,"2020; 2021; 2022; 2023",4,"ble; col; org; poi",4
"PestiRed@12.2","PestiRed","12.2",46.671071,6.733623,"2020; 2021; 2022; 2023",4,"ble; col; org; poi",4
"PestiRed@12.3","PestiRed","12.3",NA,NA,"2022",1,"",1
"PestiRed@13.1","PestiRed","13.1",NA,NA,"2022",1,"",1
"PestiRed@13.2","PestiRed","13.2",NA,NA,"2022",1,"",1
"PestiRed@14.1","PestiRed","14.1",NA,NA,"2022",1,"",1
"PestiRed@14.2","PestiRed","14.2",NA,NA,"2022",1,"",1
"PestiRed@15.1","PestiRed","15.1",NA,NA,"2021",1,"",1
"PestiRed@15.2","PestiRed","15.2",NA,NA,"2021",1,"",1
"PestiRed@16.1","PestiRed","16.1",NA,NA,"2021",1,"",1
"PestiRed@16.2","PestiRed","16.2",NA,NA,"2021",1,"",1
"PestiRed@17.1","PestiRed","17.1",NA,NA,"2021",1,"",1
"PestiRed@17.2","PestiRed","17.2",NA,NA,"2021",1,"",1
"PestiRed@19.1","PestiRed","19.1",NA,NA,"2023",1,"",1
"PestiRed@19.2","PestiRed","19.2",NA,NA,"2023",1,"",1
"PestiRed@19.3","PestiRed","19.3",NA,NA,"2023",1,"",1
"PestiRed@2.1","PestiRed","2.1",46.7799,6.77731,"2020; 2021; 2022",3,"col; org; poi",3
"PestiRed@2.2","PestiRed","2.2",46.77293,6.80649,"2020; 2021; 2022",3,"col; org; poi",3
"PestiRed@21.1","PestiRed","21.1",NA,NA,"2020",1,"",1
"PestiRed@21.2","PestiRed","21.2",NA,NA,"2020",1,"",1
"PestiRed@22.1","PestiRed","22.1",NA,NA,"2020",1,"",1
"PestiRed@22.2","PestiRed","22.2",NA,NA,"2020",1,"",1
"PestiRed@25.1","PestiRed","25.1",NA,NA,"2020",1,"",1
"PestiRed@25.2","PestiRed","25.2",NA,NA,"2020",1,"",1
"PestiRed@26.1","PestiRed","26.1",NA,NA,"2020",1,"",1
"PestiRed@26.2","PestiRed","26.2",NA,NA,"2020",1,"",1
"PestiRed@27.1","PestiRed","27.1",NA,NA,"2021",1,"",1
"PestiRed@27.2","PestiRed","27.2",NA,NA,"2021",1,"",1
"PestiRed@3.1","PestiRed","3.1",46.69488,6.7685,"2020; 2021; 2023",3,"col; mas; org",3
"PestiRed@3.2","PestiRed","3.2",46.69946,6.75697,"2020; 2021; 2023",3,"col; mas; org",3
"PestiRed@31.1","PestiRed","31.1",NA,NA,"2022",1,"",1
"PestiRed@31.2","PestiRed","31.2",NA,NA,"2022",1,"",1
"PestiRed@32.1","PestiRed","32.1",NA,NA,"2022",1,"",1
"PestiRed@32.2","PestiRed","32.2",NA,NA,"2022",1,"",1
"PestiRed@33.1","PestiRed","33.1",NA,NA,"2022",1,"",1
"PestiRed@33.2","PestiRed","33.2",NA,NA,"2022",1,"",1
"PestiRed@36.1","PestiRed","36.1",NA,NA,"2020",1,"",1
"PestiRed@36.2","PestiRed","36.2",NA,NA,"2020",1,"",1
"PestiRed@37.1","PestiRed","37.1",NA,NA,"2020",1,"",1
"PestiRed@37.2","PestiRed","37.2",NA,NA,"2020",1,"",1
"PestiRed@38.1","PestiRed","38.1",NA,NA,"2022",1,"",1
"PestiRed@38.2","PestiRed","38.2",NA,NA,"2022",1,"",1
"PestiRed@4.1","PestiRed","4.1",46.54035,6.82962,"2020; 2021; 2022; 2023",4,"ble; col; mas; poi",4
"PestiRed@4.2","PestiRed","4.2",46.5499,6.82547,"2020; 2021; 2022; 2023",4,"ble; col; mas; poi",4
"PestiRed@5.1","PestiRed","5.1",46.58879,6.86346,"2020; 2021; 2022; 2023",4,"ble; col; org; poi",4
"PestiRed@5.2","PestiRed","5.2",46.67034,6.84809,"2020; 2021; 2022; 2023",4,"ble; col; org; poi",4
"PestiRed@56.1","PestiRed","56.1",46.2487711,6.0592594,"2020; 2021; 2022; 2023",4,"ble; col; org; poi",4
"PestiRed@56.2","PestiRed","56.2",46.2431737,6.0735954,"2020; 2021; 2022; 2023",4,"ble; col; org; poi",4
"PestiRed@57.1","PestiRed","57.1",46.2425105,6.0799881,"2020; 2023",2,"ble; org",2
"PestiRed@57.2","PestiRed","57.2",46.2164587,6.0556431,"2020; 2023",2,"ble; org",2
"PestiRed@58.1","PestiRed","58.1",46.217243,6.0485855,"2021; 2022; 2023",3,"col; org; poi",3
"PestiRed@58.2","PestiRed","58.2",46.2210173,6.0381859,"2021; 2022; 2023",3,"col; org; poi",3
"PestiRed@59.1","PestiRed","59.1",46.2170208,6.0133812,"2022; 2023",2,"ble; poi",2
"PestiRed@59.2","PestiRed","59.2",46.1986506,5.9926678,"2022; 2023",2,"ble; poi",2
"PestiRed@6.1","PestiRed","6.1",46.66192,6.75701,"2021; 2022; 2023",3,"ble; mas; poi",3
"PestiRed@6.2","PestiRed","6.2",46.66968,6.75431,"2021; 2022; 2023",3,"ble; mas; poi",3
"PestiRed@60.1","PestiRed","60.1",46.155004,5.984277,"2021; 2022; 2023",3,"col; org; poi",3
"PestiRed@60.2","PestiRed","60.2",46.156764,5.985876,"2021; 2022; 2023",3,"col; org; poi",3
"PestiRed@63.1","PestiRed","63.1",46.2285236,6.2551424,"2020; 2023",2,"ble; org",2
"PestiRed@63.2","PestiRed","63.2",46.2283383,6.2597079,"2020; 2023",2,"ble; org",2
"PestiRed@64.1","PestiRed","64.1",46.2237016,6.2496737,"2021; 2022; 2023",3,"ble; col; poi",3
"PestiRed@64.2","PestiRed","64.2",46.2362269,6.2543938,"2021; 2022; 2023",3,"ble; col; poi",3
"PestiRed@64.3","PestiRed","64.3",NA,NA,"2022",1,"",1
"PestiRed@65.1","PestiRed","65.1",46.355343,6.1623766,"2020; 2021; 2023",3,"bet; ble; org",3
"PestiRed@65.2","PestiRed","65.2",46.3490827,6.1600323,"2020; 2021; 2023",3,"bet; ble; org",3
"PestiRed@7.1","PestiRed","7.1",46.6095547,6.7738126,"2020; 2021; 2023",3,"col; org; pom",3
"PestiRed@7.2","PestiRed","7.2",46.610022,6.7808507,"2020; 2021; 2023",3,"col; org; pom",3
"PestiRed@71.1","PestiRed","71.1",47.107387,7.401978,"2020; 2021; 2022; 2023",4,"ble; col; mag; org",4
"PestiRed@71.2","PestiRed","71.2",47.106452,7.405197,"2020; 2021; 2022; 2023",4,"ble; col; mag; org",4
"PestiRed@71.3","PestiRed","71.3",NA,NA,"2021",1,"",1
"PestiRed@72.1","PestiRed","72.1",47.232511,7.564258,"2020; 2021; 2022; 2023",4,"ble; col; mas; org",4
"PestiRed@72.2","PestiRed","72.2",47.235416,7.56297,"2020; 2021; 2022; 2023",4,"ble; col; mas; org",4
"PestiRed@72.3","PestiRed","72.3",NA,NA,"2021",1,"",1
"PestiRed@73.1","PestiRed","73.1",47.144515,7.515154,"2020; 2021; 2022; 2023",4,"ble; col; mas; org",4
"PestiRed@73.2","PestiRed","73.2",47.147473,7.506537,"2020; 2021; 2022; 2023",4,"ble; col; mas; org",4
"PestiRed@73.3","PestiRed","73.3",NA,NA,"2021",1,"",1
"PestiRed@74.1","PestiRed","74.1",47.137271,7.481291,"2020; 2021; 2022; 2023",4,"ble; col; mas; org",4
"PestiRed@74.2","PestiRed","74.2",47.137557,7.486258,"2020; 2021; 2022; 2023",4,"ble; col; mas; org",4
"PestiRed@74.3","PestiRed","74.3",NA,NA,"2021",1,"",1
"PestiRed@75.1","PestiRed","75.1",47.202522,7.43924,"2020; 2021",2,"mas; org",2
"PestiRed@75.2","PestiRed","75.2",47.196667,7.461909,"2020; 2021",2,"mas; org",2
"PestiRed@76.1","PestiRed","76.1",47.180106,7.490927,"2020; 2021; 2023",3,"mas; org; pom",3
"PestiRed@76.2","PestiRed","76.2",47.177092,7.500184,"2020; 2021; 2023",3,"mas; org; pom",3
"PestiRed@8.1","PestiRed","8.1",46.6467484,6.7864615,"2020; 2021; 2023",3,"bet; col; org",3
"PestiRed@8.2","PestiRed","8.2",46.63778,6.77304,"2020; 2021; 2023",3,"bet; col; org",3
"PestiRed@82.1","PestiRed","82.1",NA,NA,"2020",1,"",1
"PestiRed@82.2","PestiRed","82.2",NA,NA,"2020",1,"",1
"PestiRed@83.1","PestiRed","83.1",47.231151,7.514962,"2020; 2021; 2023",3,"ble; epe; mas",3
"PestiRed@83.2","PestiRed","83.2",47.231709,7.519694,"2020; 2021; 2023",3,"ble; epe; mas",3
"PestiRed@84.1","PestiRed","84.1",NA,NA,"2020",1,"",1
"PestiRed@84.2","PestiRed","84.2",NA,NA,"2020",1,"",1
"PestiRed@85.1","PestiRed","85.1",47.184918,7.484637,"2020; 2021; 2022; 2023",4,"bet; ble; epe; mas",4
"PestiRed@85.2","PestiRed","85.2",47.182508,7.48146,"2020; 2022; 2023",3,"bet; ble; mas",3
"PestiRed@85.3","PestiRed","85.3",NA,NA,"2022",1,"",1
"PestiRed@85.4","PestiRed","85.4",NA,NA,"2022",1,"",1
"PestiRed@85.5","PestiRed","85.5",NA,NA,"2022",1,"",1
"PestiRed@85.6","PestiRed","85.6",NA,NA,"2022",1,"",1
"PestiRed@86.1","PestiRed","86.1",47.218942,7.610441,"2021; 2022; 2023",3,"ble; col; org",3
"PestiRed@86.2","PestiRed","86.2",47.219043,7.609066,"2021; 2022; 2023",3,"ble; col; org",3
"PestiRed@86.3","PestiRed","86.3",NA,NA,"2022",1,"",1
"PestiRed@87.1","PestiRed","87.1",47.223935,7.630399,"2021; 2022; 2023",3,"ble; col; org",3
"PestiRed@87.2","PestiRed","87.2",47.216342,7.627444,"2021; 2022; 2023",3,"ble; col; org",3
"PestiRed@87.3","PestiRed","87.3",NA,NA,"2022",1,"",1
"PestiRed@88.1","PestiRed","88.1",47.215813,7.626872,"2021; 2022; 2023",3,"ble; col; org",3
"PestiRed@88.2","PestiRed","88.2",47.21655,7.60857,"2021; 2022; 2023",3,"ble; col; org",3
"PestiRed@88.3","PestiRed","88.3",NA,NA,"2022",1,"",1
"PestiRed@89.1","PestiRed","89.1",47.169914,7.534688,"2021; 2022; 2023",3,"ble; col; org",3
"PestiRed@89.2","PestiRed","89.2",47.180872,7.531085,"2021; 2022; 2023",3,"ble; col; org",3
"PestiRed@89.3","PestiRed","89.3",NA,NA,"2022",1,"",1
"PestiRed@9.1","PestiRed","9.1",46.6684,6.64595,"2020; 2021; 2022; 2023",4,"ble; col; org; poi",4
"PestiRed@9.2","PestiRed","9.2",46.67011,6.64707,"2020; 2021; 2022; 2023",4,"ble; col; org; poi",4
"PestiRed@99.1","PestiRed","99.1",NA,NA,"2021",1,"",1
"PestiRed@99.2","PestiRed","99.2",NA,NA,"2021",1,"",1
"PestiRed@99.3","PestiRed","99.3",NA,NA,"2021",1,"",1
"SEBIOPAG_BVD@11","SEBIOPAG_BVD","11",43.83403302,4.895599142,"2020; 2021; 2022",3,"malus domestica",1
"SEBIOPAG_BVD@177","SEBIOPAG_BVD","177",43.83027285,4.968225816,"2020; 2021; 2022",3,"malus domestica",1
"SEBIOPAG_BVD@185","SEBIOPAG_BVD","185",43.83103876,4.986864733,"2020; 2021; 2022",3,"malus domestica",1
"SEBIOPAG_BVD@191","SEBIOPAG_BVD","191",43.84379505,4.938812847,"2020; 2021; 2022",3,"malus domestica",1
"SEBIOPAG_BVD@194","SEBIOPAG_BVD","194",43.8260085,4.901043311,"2020; 2021; 2022",3,"malus domestica",1
"SEBIOPAG_BVD@200","SEBIOPAG_BVD","200",43.79476617,4.932781749,"2020; 2021; 2022",3,"malus domestica",1
"SEBIOPAG_BVD@205","SEBIOPAG_BVD","205",43.79905517,4.891623624,"2020; 2021; 2022",3,"malus domestica",1
"SEBIOPAG_BVD@211","SEBIOPAG_BVD","211",43.907285,4.957142642,"2020; 2021; 2022",3,"malus domestica",1
"SEBIOPAG_BVD@212","SEBIOPAG_BVD","212",43.89654726,4.99453826,"2020; 2021; 2022",3,"malus domestica",1
"SEBIOPAG_BVD@228","SEBIOPAG_BVD","228",43.80984663,4.931525712,"2020; 2021; 2022",3,"malus domestica",1
"SEBIOPAG_BVD@230","SEBIOPAG_BVD","230",43.8082304,4.87601827,"2020; 2021",2,"malus domestica",1
"SEBIOPAG_BVD@231","SEBIOPAG_BVD","231",43.79960986,4.939014198,"2020; 2021; 2022",3,"malus domestica",1
"SEBIOPAG_BVD@232","SEBIOPAG_BVD","232",43.84031143,4.823722686,"2020; 2021; 2022",3,"malus domestica",1
"SEBIOPAG_BVD@233","SEBIOPAG_BVD","233",43.84420849,5.009920031,"2020; 2021; 2022",3,"malus domestica",1
"SEBIOPAG_BVD@234","SEBIOPAG_BVD","234",43.8414726,4.909905636,"2020; 2021",2,"malus domestica",1
"SEBIOPAG_BVD@249","SEBIOPAG_BVD","249",43.8088307,4.873975172,"2021; 2022",2,"malus domestica",1
"SEBIOPAG_BVD@26","SEBIOPAG_BVD","26",43.83569751,4.935490311,"2020; 2021; 2022",3,"malus domestica",1
"SEBIOPAG_BVD@300","SEBIOPAG_BVD","300",43.84038238,4.9106608,"2022",1,"malus domestica",1
"SEBIOPAG_BVD@54","SEBIOPAG_BVD","54",43.79240743,4.906890063,"2020; 2021; 2022",3,"malus domestica",1
"SEBIOPAG_BVD@75","SEBIOPAG_BVD","75",43.7887842,4.920020774,"2020; 2021; 2022",3,"malus domestica",1
"SEBIOPAG_BVD@84","SEBIOPAG_BVD","84",43.83067947,4.914599063,"2020; 2021; 2022",3,"malus domestica",1
"SEBIOPAG_BVD@88","SEBIOPAG_BVD","88",43.81309066,4.906350634,"2020; 2021; 2022",3,"malus domestica",1
"SEBIOPAG_Plaine de Dijon@D01","SEBIOPAG_Plaine de Dijon","D01",47.4578056,5.08669444444444,"2014; 2015; 2016; 2017; 2018; 2019; 2020; 2021; 2022; 2023; 2024",11,"Alfalfa; Alfalfa / Trifolium; Alfalfa /Trifolium; Spelt; Spring Barley; Triticale/pea; Winter Barley; Winter wheat",8
"SEBIOPAG_Plaine de Dijon@D02","SEBIOPAG_Plaine de Dijon","D02",47.3618611,5.12683333333333,"2014; 2015; 2016; 2017; 2018; 2019; 2020; 2021; 2022; 2023; 2024",11,"Alfalfa; Faba bean; Spring oat; Spring pea; Sunflower; Winter wheat",6
"SEBIOPAG_Plaine de Dijon@D03","SEBIOPAG_Plaine de Dijon","D03",47.14875,5.03094444444444,"2014; 2015; 2016; 2017; 2018; 2019; 2020; 2021; 2022; 2023; 2024",11,"Alfalfa; Maize; Rye; Soja bean; Spelt; Spring Oat; Winter wheat",7
"SEBIOPAG_Plaine de Dijon@D04","SEBIOPAG_Plaine de Dijon","D04",47.2003611,5.35486111111111,"2014; 2015; 2016; 2017; 2018; 2019; 2020; 2021; 2022; 2023; 2024",11,"Soja bean; Winter wheat",2
"SEBIOPAG_Plaine de Dijon@D05","SEBIOPAG_Plaine de Dijon","D05",47.1376944,5.19633333333333,"2014; 2015; 2016; 2017; 2018; 2019; 2020; 2021; 2022; 2023; 2024",11,"; N/A; Oilseed rape; Soja bean; Spring Barley; Winter wheat",6
"SEBIOPAG_Plaine de Dijon@D06","SEBIOPAG_Plaine de Dijon","D06",47.1429722,5.11680555555555,"2014; 2015; 2016; 2017; 2018; 2019; 2020; 2021; 2022; 2023; 2024",11,"Mixture Poaceae; Oilseed rape; Spring Barley; Sunflower; Winter Barley; Winter wheat",6
"SEBIOPAG_Plaine de Dijon@D07","SEBIOPAG_Plaine de Dijon","D07",47.2011111,5.03152777777778,"2014; 2015; 2016; 2017; 2018; 2019; 2020; 2021; 2022; 2023; 2024",11,"Flax; Oilseed rape; Soja bean; Winter Barley; Winter wheat",5
"SEBIOPAG_Plaine de Dijon@D08","SEBIOPAG_Plaine de Dijon","D08",47.3796667,5.16116666666667,"2014; 2015; 2016; 2017; 2018; 2019; 2020; 2021; 2022; 2023; 2024",11,"Maize; Oilseed rape; Spring triticale; Trifolium; Winter Barley; Winter wheat",6
"SEBIOPAG_Plaine de Dijon@D09","SEBIOPAG_Plaine de Dijon","D09",47.1868333,5.31702777777778,"2014; 2015; 2016; 2017; 2018; 2019; 2020; 2021; 2022; 2023; 2024",11,"Mustard; Soja bean; Winter Barley; Winter wheat",4
"SEBIOPAG_Plaine de Dijon@D10","SEBIOPAG_Plaine de Dijon","D10",47.2189444,5.07069444444444,"2014; 2015; 2016; 2017; 2018; 2019; 2020; 2021; 2022; 2023; 2024",11,"Maize; Mustard; Winter Barley; Winter wheat",4
"SEBIOPAG_Plaine de Dijon@D11","SEBIOPAG_Plaine de Dijon","D11",47.1585,5.29391666666667,"2014; 2015; 2016; 2017; 2018; 2019; 2020; 2021; 2022; 2023; 2024",11,"Mustard; Oilseed rape; Soja bean; Winter Barley; Winter wheat",5
"SEBIOPAG_Plaine de Dijon@D12","SEBIOPAG_Plaine de Dijon","D12",47.1723333,5.32338888888889,"2014; 2015; 2016; 2017; 2018; 2019; 2020; 2021; 2022; 2023; 2024",11,"Faba bean; Maize; Mustard; Oilseed rape; Winter Barley; Winter wheat",6
"SEBIOPAG_Plaine de Dijon@D13","SEBIOPAG_Plaine de Dijon","D13",47.1536111,5.25213888888889,"2014; 2015; 2016; 2017; 2018; 2019; 2020; 2021; 2022; 2023; 2024",11,"Oilseed rape; Soja bean; Sunflower; Winter Barley; Winter wheat",5
"SEBIOPAG_Plaine de Dijon@D14","SEBIOPAG_Plaine de Dijon","D14",47.1467222,5.22577777777778,"2014; 2015; 2016; 2017; 2018; 2019; 2020; 2021; 2022; 2023; 2024",11,"Flax; Oilseed rape; Winter Barley; Winter wheat",4
"SEBIOPAG_Plaine de Dijon@D15","SEBIOPAG_Plaine de Dijon","D15",47.2325833,5.03833333333333,"2014; 2015; 2016; 2017; 2018; 2019; 2020; 2021; 2022; 2023; 2024",11,"Maize; Mustard; Oilseed rape; Soja bean; Winter Barley; Winter wheat",6
"SEBIOPAG_Plaine de Dijon@D16","SEBIOPAG_Plaine de Dijon","D16",47.1987778,5.05136111111111,"2014; 2015; 2016; 2017; 2018; 2019; 2020; 2021; 2022; 2023; 2024",11,"Mustard; Soja bean; Sunflower; Winter Barley; Winter wheat",5
"SEBIOPAG_Plaine de Dijon@D17","SEBIOPAG_Plaine de Dijon","D17",47.0846111,5.13677777777778,"2014; 2015; 2016; 2017; 2018; 2019; 2020; 2021; 2022; 2023; 2024",11,"Oilseed rape; Ray grass; Soja bean; Winter Barley; Winter wheat",5
"SEBIOPAG_Plaine de Dijon@D18","SEBIOPAG_Plaine de Dijon","D18",47.1165278,5.21641666666667,"2014; 2015; 2016; 2017; 2018; 2019; 2020; 2021; 2022; 2023; 2024",11,"Oilseed rape; Sorgho; Spring Barley; Spring pea; Winter wheat",5
"SEBIOPAG_Plaine de Dijon@D19","SEBIOPAG_Plaine de Dijon","D19",47.1433333,5.06347222222222,"2014; 2015; 2016; 2017; 2018; 2019; 2020; 2021; 2022; 2023; 2024",11,"Alfalfa; Flax; Oilseed rape; Rye; Soja bean; Spelt; Sunflower; Triticale; Winter wheat",9
"SEBIOPAG_Plaine de Dijon@D20","SEBIOPAG_Plaine de Dijon","D20",47.2286111,5.07747222222222,"2014; 2015; 2016; 2017; 2018; 2019; 2020; 2021; 2022; 2023; 2024",11,"Oilseed rape; Soja bean; Spring Barley; Sunflower; Winter wheat",5
"SEBIOPAG_VcG@T01","SEBIOPAG_VcG","T01",43.2892089717185,0.960448002416495,"2014; 2015; 2016; 2017; 2018; 2019; 2020; 2021; 2022; 2023",10,"barley; oat; ray grass; ray grass AND clover; wheat; Winter wheat",6
"SEBIOPAG_VcG@T02","SEBIOPAG_VcG","T02",43.3119179781702,1.05603497473498,"2014; 2015; 2016; 2017; 2018; 2019; 2020; 2021; 2022; 2023",10,"ray grass; sunflower; triticale; wheat; Winter wheat",5
"SEBIOPAG_VcG@T03","SEBIOPAG_VcG","T03",43.3055250168044,1.08063301069993,"2014; 2015; 2016; 2017; 2018; 2019; 2020; 2021; 2022; 2023",10,"dactyl; dactyl AND ray grass; dactyl AND Ray grass; dactyle, ray grass AND clover; oilseed rape; ray grass + dactyl; ray grass and clover; Winter wheat",8
"SEBIOPAG_VcG@T04","SEBIOPAG_VcG","T04",43.3206830181322,1.01826201190911,"2014; 2015; 2016; 2017; 2018; 2019; 2020; 2021; 2022; 2023",10,"alfalfa; barley; sunflower; wheat",4
"SEBIOPAG_VcG@T05","SEBIOPAG_VcG","T05",43.3257969848869,0.931428009615627,"2014; 2015; 2016; 2017; 2018; 2019; 2020; 2021; 2022; 2023",10,"faba beans; seed carrot; soy beans; soybean; wheat; Winter wheat",6
"SEBIOPAG_VcG@T06","SEBIOPAG_VcG","T06",43.3315830126535,1.00926102136785,"2014; 2015; 2016; 2017; 2018; 2019; 2020; 2021; 2022; 2023",10,"; sunflower; wheat; Winter wheat",4
"SEBIOPAG_VcG@T07","SEBIOPAG_VcG","T07",43.3415960341744,0.928729958803604,"2014; 2015; 2016; 2017; 2018; 2019; 2020; 2021; 2022; 2023",10,"alfafa; alfafa AND ray grass; alfalfa; barley; corn; ray grass; wheat",7
"SEBIOPAG_VcG@T08","SEBIOPAG_VcG","T08",NA,NA,"2014",1,"barley",1
"SEBIOPAG_VcG@T09","SEBIOPAG_VcG","T09",43.3612739768008,1.0153580177373,"2014; 2015; 2016; 2017; 2018; 2019; 2020; 2021; 2022; 2023",10,"; oilseed rape; sunflower; wheat; Winter wheat",5
"SEBIOPAG_VcG@T10","SEBIOPAG_VcG","T10",43.3494679823629,0.992643982150146,"2014; 2015; 2016; 2017; 2018; 2019; 2020; 2021; 2022; 2023",10,"sorghum ; sunflower; wheat; Winter wheat",4
"SEBIOPAG_VcG@T11","SEBIOPAG_VcG","T11",43.3434210259495,0.905990023133205,"2014; 2015; 2016; 2017; 2018; 2019; 2020; 2021; 2022; 2023",10,"barley; fallow; sunflower; wheat; Winter wheat",5
"SEBIOPAG_VcG@T12","SEBIOPAG_VcG","T12",43.3713170055433,1.02269997818313,"2014; 2015; 2016; 2017; 2018; 2019; 2020; 2021; 2022; 2023",10,"barley; clover; faba beans; oilseed rape; wheat; Winter wheat",6
"SEBIOPAG_VcG@T13","SEBIOPAG_VcG","T13",43.4201939784123,1.03466598315156,"2014; 2015; 2016; 2017; 2018; 2019; 2020; 2021; 2022; 2023",10,"alfalfa; barley; clover; clover AND alfalfa; faba beans; wheat; Winter wheat",7
"SEBIOPAG_VcG@T14","SEBIOPAG_VcG","T14",43.4082200106346,1.00876498033873,"2014; 2015; 2016; 2017; 2018; 2019; 2020; 2021; 2022; 2023",10,"buckwheat; clover; lens; spelt; sunflower; triticale; wheat; Winter wheat",8
"SEBIOPAG_VcG@T15","SEBIOPAG_VcG","T15",43.4170729767653,1.02217501958663,"2014; 2015; 2016; 2017; 2018; 2019; 2020; 2021; 2022; 2023",10,"buckwheat; faba beans AND oat THEN buckwheat in summer; lens; spelt; sunflower; wheat; Winter wheat",7
"SEBIOPAG_VcG@T16","SEBIOPAG_VcG","T16",43.4193650081844,0.987092982954207,"2014; 2015; 2016; 2017; 2018; 2019; 2020; 2021; 2022; 2023",10,"alfalfa; chickpea; faba beans; rye; soy beans; Tritical; Triticale; Winter wheat",8
"SEBIOPAG_VcG@T17","SEBIOPAG_VcG","T17",43.4270760238253,0.980080012209168,"2014; 2015; 2016; 2017; 2018; 2019; 2020; 2021; 2022; 2023",10,"barley; barley AND clover; buckwheat; clover; ray grass; wheat; Winter wheat",7
"SEBIOPAG_VcG@T18","SEBIOPAG_VcG","T18",43.293047,0.863853,"2014; 2015",2,"sorghum AND alfalfa; Winter wheat",2
"SEBIOPAG_VcG@T19","SEBIOPAG_VcG","T19",43.289768,0.877545,"2014; 2015",2,"fallow; Winter wheat",2
"SEBIOPAG_VcG@T20","SEBIOPAG_VcG","T20",43.290145984668,0.901684993845095,"2014; 2015; 2016; 2017; 2018; 2019; 2020; 2021; 2022; 2023",10,"barley; clover; corn; wheat; Winter wheat",5
"SEBIOPAG_ZAAr@R01","SEBIOPAG_ZAAr","R01",48.1144838453246,-1.37842417415488,"2018; 2021; 2023",3,"Maize ; Winter wheat",2
"SEBIOPAG_ZAAr@R02","SEBIOPAG_ZAAr","R02",48.067496454028,-1.36565551834091,"2018; 2021; 2023",3,"Maize ; Winter wheat",2
"SEBIOPAG_ZAAr@R03","SEBIOPAG_ZAAr","R03",48.0735701442359,-1.41401908569159,"2018; 2021; 2023",3,"Winter barley",1
"SEBIOPAG_ZAAr@R04","SEBIOPAG_ZAAr","R04",48.0516691121225,-1.45995627377799,"2018; 2021; 2023",3,"Oilseed rape; Quinoa; Temporary grassland",3
"SEBIOPAG_ZAAr@R05","SEBIOPAG_ZAAr","R05",48.0495223971681,-1.4522579104815,"2018; 2021; 2023",3,"Maize ; Winter wheat",2
"SEBIOPAG_ZAAr@R06","SEBIOPAG_ZAAr","R06",48.0359450553853,-1.44915939075437,"2018; 2021; 2023",3,"Lucerne; Winter wheat",2
"SEBIOPAG_ZAAr@R07","SEBIOPAG_ZAAr","R07",48.0234793895106,-1.40152013201035,"2018",1,"Oilseed rape",1
"SEBIOPAG_ZAAr@R08","SEBIOPAG_ZAAr","R08",47.9836531682743,-1.31182616501006,"2018",1,"Maize ",1
"SEBIOPAG_ZAAr@R09","SEBIOPAG_ZAAr","R09",48.0162823172314,-1.25647241209005,"2018; 2021; 2023",3,"Oilseed rape; Winter barley; Winter wheat",3
"SEBIOPAG_ZAAr@R10","SEBIOPAG_ZAAr","R10",47.9056641099025,-1.24774992584384,"2018",1,"Maize ",1
"SEBIOPAG_ZAAr@R11","SEBIOPAG_ZAAr","R11",47.9390032753288,-1.43070861531386,"2018; 2021; 2023",3,"Temporary grassland; Winter wheat",2
"SEBIOPAG_ZAAr@R12","SEBIOPAG_ZAAr","R12",47.9441402747755,-1.60983455493289,"2018; 2021; 2023",3,"Temporary grassland; Winter wheat",2
"SEBIOPAG_ZAAr@R13","SEBIOPAG_ZAAr","R13",47.8135960142676,-1.64643442028346,"2018; 2021; 2023",3,"Maize ; Winter wheat",2
"SEBIOPAG_ZAAr@R14","SEBIOPAG_ZAAr","R14",47.8218360640055,-1.70005251794002,"2018; 2021; 2023",3,"Millet; Winter wheat, faba bean",2
"SEBIOPAG_ZAAr@R15","SEBIOPAG_ZAAr","R15",47.8807526080506,-1.89518697037299,"2018; 2021; 2023",3,"Temporary grassland; Winter wheat",2
"SEBIOPAG_ZAAr@R16","SEBIOPAG_ZAAr","R16",47.8726541365798,-1.96885474350269,"2018; 2021; 2023",3,"Temporary grassland; Winter barley, pea",2
"SEBIOPAG_ZAAr@R17","SEBIOPAG_ZAAr","R17",47.9111750743263,-1.99102351243455,"2018; 2021; 2023",3,"Oilseed rape; Pea; Winter barley",3
"SEBIOPAG_ZAAr@R18","SEBIOPAG_ZAAr","R18",47.9255107339208,-1.89326005360879,"2018; 2021; 2023",3,"Maize ; Winter wheat",2
"SEBIOPAG_ZAAr@R19","SEBIOPAG_ZAAr","R19",47.9516944168022,-1.93473598671475,"2018; 2021",2,"Spring barley; Winter wheat, oat, rye",2
"SEBIOPAG_ZAAr@R20","SEBIOPAG_ZAAr","R20",47.9895181512603,-1.99495102271707,"2018; 2021; 2023",3,"Maize ; Winter wheat",2
"SERIPAGE@TF_01_066c","SERIPAGE","TF_01_066c",48.6405813821694,-1.32993889828862,"2016",1,"Winter wheat",1
"SERIPAGE@TF_03_051c","SERIPAGE","TF_03_051c",48.5688277158595,-1.13693444996317,"2016",1,"Winter wheat",1
"SERIPAGE@TF_06_042c","SERIPAGE","TF_06_042c",48.6025657355125,-1.31281561084475,"2016",1,"Winter wheat",1
"SERIPAGE@TF_07_025c","SERIPAGE","TF_07_025c",48.5920986819759,-1.27937423938513,"2016",1,"Winter wheat",1
"SERIPAGE@TF_08_021c","SERIPAGE","TF_08_021c",48.5926332938486,-1.25720107944969,"2016",1,"Winter wheat",1
"SERIPAGE@TF_08_029c","SERIPAGE","TF_08_029c",48.5884080120097,-1.25670799948231,"2016",1,"Winter wheat",1
"SERIPAGE@TF_10_060c","SERIPAGE","TF_10_060c",48.5791858820955,-1.04745272222383,"2016",1,"Winter wheat",1
"SERIPAGE@TF_12_033c","SERIPAGE","TF_12_033c",48.5863949943921,-0.91580896123134,"2016",1,"Winter wheat",1
"SERIPAGE@TF_13_012c","SERIPAGE","TF_13_012c",48.5850557362605,-0.862577535388314,"2016",1,"Winter wheat",1
